"Timestamp","Username","Total score","Please select your class section","Please select your class section [Score]","Please select your class section [Feedback]","What instrument(s) do we typically orient stereo pairs around in a drumset? (Which instrument should be centered in the stereo field)","What instrument(s) do we typically orient stereo pairs around in a drumset? (Which instrument should be centered in the stereo field) [Score]","What instrument(s) do we typically orient stereo pairs around in a drumset? (Which instrument should be centered in the stereo field) [Feedback]","What are the top and bottom heads on any given drum called?","What are the top and bottom heads on any given drum called? [Score]","What are the top and bottom heads on any given drum called? [Feedback]","When recording drums in stereo, what do we typically call mics placed close to the drums to augment the Overheads?","When recording drums in stereo, what do we typically call mics placed close to the drums to augment the Overheads? [Score]","When recording drums in stereo, what do we typically call mics placed close to the drums to augment the Overheads? [Feedback]","Which of these is not a name for a typical overhead setup for drums?","Which of these is not a name for a typical overhead setup for drums? [Score]","Which of these is not a name for a typical overhead setup for drums? [Feedback]","When recording to tape, what is the primary reason we typically compress snare and kick drum together?","When recording to tape, what is the primary reason we typically compress snare and kick drum together? [Score]","When recording to tape, what is the primary reason we typically compress snare and kick drum together? [Feedback]"
"2019/01/28 11:32:14 PM GMT","aaron.cold@pcc.edu","5.00 / 5","","","","Kick & Snare","1.00 / 1","Kick & Snare are typical in the dead center of any drum mic recording. This is not always the case, but most popular music uses this convention for orienting the listener in the stereo field.","Batter & Resonant","1.00 / 1","","Spot Mics","1.00 / 1","","Steve Albini","1.00 / 1","","To make sure they are about equal listening level before being bussed to a track","1.00 / 1","Remember, that when working on tape you have limited real estate to record tracks. By bussing snare and kick together you create a cohesive submix making your mixing life easier."
"2019/01/29 12:06:54 AM GMT","jonah.vermilya@pcc.edu","5.00 / 5","","","","Kick & Snare","1.00 / 1","Kick & Snare are typical in the dead center of any drum mic recording. This is not always the case, but most popular music uses this convention for orienting the listener in the stereo field.","Batter & Resonant","1.00 / 1","","Spot Mics","1.00 / 1","","Steve Albini","1.00 / 1","","To make sure they are about equal listening level before being bussed to a track","1.00 / 1","Remember, that when working on tape you have limited real estate to record tracks. By bussing snare and kick together you create a cohesive submix making your mixing life easier."
"2019/01/30 1:47:11 AM GMT","daniel.minter@pcc.edu","5.00 / 5","","","","Kick & Snare","1.00 / 1","Kick & Snare are typical in the dead center of any drum mic recording. This is not always the case, but most popular music uses this convention for orienting the listener in the stereo field.","Batter & Resonant","1.00 / 1","","Spot Mics","1.00 / 1","","Steve Albini","1.00 / 1","","To make sure they are about equal listening level before being bussed to a track","1.00 / 1","Remember, that when working on tape you have limited real estate to record tracks. By bussing snare and kick together you create a cohesive submix making your mixing life easier."
"2019/01/30 2:03:07 AM GMT","brendan.walker@pcc.edu","4.00 / 5","","","","Kick & Snare","1.00 / 1","Kick & Snare are typical in the dead center of any drum mic recording. This is not always the case, but most popular music uses this convention for orienting the listener in the stereo field.","Batter & Resonant","1.00 / 1","","Spot Mics","1.00 / 1","","Steve Albini","1.00 / 1","","To give the snare drum bite and sustain while also giving the kick drum woofiness","0.00 / 1","Remember, that when working on tape you have limited real estate to record tracks. By bussing snare and kick together you create a cohesive submix making your mixing life easier."
"2019/01/30 7:55:30 AM GMT","colette.beard@pcc.edu","5.00 / 5","","","","Kick & Snare","1.00 / 1","Kick & Snare are typical in the dead center of any drum mic recording. This is not always the case, but most popular music uses this convention for orienting the listener in the stereo field.","Batter & Resonant","1.00 / 1","","Spot Mics","1.00 / 1","","Steve Albini","1.00 / 1","","To make sure they are about equal listening level before being bussed to a track","1.00 / 1","Remember, that when working on tape you have limited real estate to record tracks. By bussing snare and kick together you create a cohesive submix making your mixing life easier."
"2019/01/30 8:10:56 PM GMT","stephen.babcock@pcc.edu","4.00 / 5","","","","Toms","0.00 / 1","Kick & Snare are typical in the dead center of any drum mic recording. This is not always the case, but most popular music uses this convention for orienting the listener in the stereo field.","Batter & Resonant","1.00 / 1","","Spot Mics","1.00 / 1","","Steve Albini","1.00 / 1","","To make sure they are about equal listening level before being bussed to a track","1.00 / 1","Remember, that when working on tape you have limited real estate to record tracks. By bussing snare and kick together you create a cohesive submix making your mixing life easier."
"2019/01/31 5:06:00 PM GMT","heidi.worley@pcc.edu","5.00 / 5","Monday 1 - 3","-- / 0","","Kick & Snare","1.00 / 1","Kick & Snare are typical in the dead center of any drum mic recording. This is not always the case, but most popular music uses this convention for orienting the listener in the stereo field.","Batter & Resonant","1.00 / 1","","Spot Mics","1.00 / 1","","Steve Albini","1.00 / 1","","To make sure they are about equal listening level before being bussed to a track","1.00 / 1","Remember, that when working on tape you have limited real estate to record tracks. By bussing snare and kick together you create a cohesive submix making your mixing life easier."
"2019/02/02 6:56:58 PM GMT","alex.miller1@pcc.edu","4.00 / 5","Tuesday 1 - 3","-- / 0","","Kick & Snare","1.00 / 1","Kick & Snare are typical in the dead center of any drum mic recording. This is not always the case, but most popular music uses this convention for orienting the listener in the stereo field.","Batter & Resonant","1.00 / 1","","Spot Mics","1.00 / 1","","Steve Albini","1.00 / 1","","Because Jeff told us to","0.00 / 1","Remember, that when working on tape you have limited real estate to record tracks. By bussing snare and kick together you create a cohesive submix making your mixing life easier."
"2019/02/02 8:10:03 PM GMT","brandon.thompson6@pcc.edu","1.00 / 5","Tuesday 1 - 3","-- / 0","","Kick & Snare","1.00 / 1","Kick & Snare are typical in the dead center of any drum mic recording. This is not always the case, but most popular music uses this convention for orienting the listener in the stereo field.","Striking & Vibrating","0.00 / 1","","Drum Mics","0.00 / 1","","Glyn Johns","0.00 / 1","","To give the snare drum bite and sustain while also giving the kick drum woofiness","0.00 / 1","Remember, that when working on tape you have limited real estate to record tracks. By bussing snare and kick together you create a cohesive submix making your mixing life easier."
"2019/02/03 6:01:51 AM GMT","lexie.garcia@pcc.edu","5.00 / 5","Monday 1 - 3","-- / 0","","Kick & Snare","1.00 / 1","Kick & Snare are typical in the dead center of any drum mic recording. This is not always the case, but most popular music uses this convention for orienting the listener in the stereo field.","Batter & Resonant","1.00 / 1","","Spot Mics","1.00 / 1","","Steve Albini","1.00 / 1","","To make sure they are about equal listening level before being bussed to a track","1.00 / 1","Remember, that when working on tape you have limited real estate to record tracks. By bussing snare and kick together you create a cohesive submix making your mixing life easier."
"2019/02/03 10:05:16 PM GMT","zach.laurence@pcc.edu","3.00 / 5","Tuesday 1 - 3","-- / 0","","Toms","0.00 / 1","Kick & Snare are typical in the dead center of any drum mic recording. This is not always the case, but most popular music uses this convention for orienting the listener in the stereo field.","Batter & Resonant","1.00 / 1","","Drum Mics","0.00 / 1","","Steve Albini","1.00 / 1","","To make sure they are about equal listening level before being bussed to a track","1.00 / 1","Remember, that when working on tape you have limited real estate to record tracks. By bussing snare and kick together you create a cohesive submix making your mixing life easier."
"2019/02/05 3:09:50 AM GMT","aidan.tebeau@pcc.edu","5.00 / 5","Tuesday 10 - 12","-- / 0","","Kick & Snare","1.00 / 1","Kick & Snare are typical in the dead center of any drum mic recording. This is not always the case, but most popular music uses this convention for orienting the listener in the stereo field.","Batter & Resonant","1.00 / 1","","Spot Mics","1.00 / 1","","Steve Albini","1.00 / 1","","To make sure they are about equal listening level before being bussed to a track","1.00 / 1","Remember, that when working on tape you have limited real estate to record tracks. By bussing snare and kick together you create a cohesive submix making your mixing life easier."
"2019/02/06 3:05:12 AM GMT","noah.powell2@pcc.edu","5.00 / 5","Tuesday 1 - 3","-- / 0","","Kick & Snare","1.00 / 1","Kick & Snare are typical in the dead center of any drum mic recording. This is not always the case, but most popular music uses this convention for orienting the listener in the stereo field.","Batter & Resonant","1.00 / 1","","Spot Mics","1.00 / 1","","Steve Albini","1.00 / 1","","To make sure they are about equal listening level before being bussed to a track","1.00 / 1","Remember, that when working on tape you have limited real estate to record tracks. By bussing snare and kick together you create a cohesive submix making your mixing life easier."
"2019/02/06 9:13:04 PM GMT","calico.randall@pcc.edu","5.00 / 5","Tuesday 10 - 12","-- / 0","","Kick & Snare","1.00 / 1","Kick & Snare are typical in the dead center of any drum mic recording. This is not always the case, but most popular music uses this convention for orienting the listener in the stereo field.","Batter & Resonant","1.00 / 1","","Spot Mics","1.00 / 1","","Steve Albini","1.00 / 1","","To make sure they are about equal listening level before being bussed to a track","1.00 / 1","Remember, that when working on tape you have limited real estate to record tracks. By bussing snare and kick together you create a cohesive submix making your mixing life easier."
"2019/02/06 11:06:33 PM GMT","grant.schillinger@pcc.edu","4.00 / 5","Tuesday 10 - 12","-- / 0","","Kick & Snare","1.00 / 1","Kick & Snare are typical in the dead center of any drum mic recording. This is not always the case, but most popular music uses this convention for orienting the listener in the stereo field.","Batter & Resonant","1.00 / 1","","Spot Mics","1.00 / 1","","Steve Albini","1.00 / 1","","To give the snare drum bite and sustain while also giving the kick drum woofiness","0.00 / 1","Remember, that when working on tape you have limited real estate to record tracks. By bussing snare and kick together you create a cohesive submix making your mixing life easier."
"2019/02/07 5:12:02 AM GMT","phoebe.brown@pcc.edu","5.00 / 5","Monday 1 - 3","-- / 0","","Kick & Snare","1.00 / 1","Kick & Snare are typical in the dead center of any drum mic recording. This is not always the case, but most popular music uses this convention for orienting the listener in the stereo field.","Batter & Resonant","1.00 / 1","","Spot Mics","1.00 / 1","","Steve Albini","1.00 / 1","","To make sure they are about equal listening level before being bussed to a track","1.00 / 1","Remember, that when working on tape you have limited real estate to record tracks. By bussing snare and kick together you create a cohesive submix making your mixing life easier."
"2019/02/09 9:05:13 PM GMT","gabe.defrank@pcc.edu","3.00 / 5","Monday 1 - 3","-- / 0","","Kick & Snare","1.00 / 1","Kick & Snare are typical in the dead center of any drum mic recording. This is not always the case, but most popular music uses this convention for orienting the listener in the stereo field.","Primary & Secondary","0.00 / 1","","Drum Mics","0.00 / 1","","Steve Albini","1.00 / 1","","To make sure they are about equal listening level before being bussed to a track","1.00 / 1","Remember, that when working on tape you have limited real estate to record tracks. By bussing snare and kick together you create a cohesive submix making your mixing life easier."
"2019/02/10 10:33:19 PM GMT","mike.gipson@pcc.edu","5.00 / 5","Tuesday 1 - 3","-- / 0","","Kick & Snare","1.00 / 1","Kick & Snare are typical in the dead center of any drum mic recording. This is not always the case, but most popular music uses this convention for orienting the listener in the stereo field.","Batter & Resonant","1.00 / 1","","Spot Mics","1.00 / 1","","Steve Albini","1.00 / 1","","To make sure they are about equal listening level before being bussed to a track","1.00 / 1","Remember, that when working on tape you have limited real estate to record tracks. By bussing snare and kick together you create a cohesive submix making your mixing life easier."
"2019/02/11 12:29:43 AM GMT","stephanie.caronna@pcc.edu","4.00 / 5","Tuesday 10 - 12","-- / 0","","Toms","0.00 / 1","Kick & Snare are typical in the dead center of any drum mic recording. This is not always the case, but most popular music uses this convention for orienting the listener in the stereo field.","Batter & Resonant","1.00 / 1","","Spot Mics","1.00 / 1","","Steve Albini","1.00 / 1","","To make sure they are about equal listening level before being bussed to a track","1.00 / 1","Remember, that when working on tape you have limited real estate to record tracks. By bussing snare and kick together you create a cohesive submix making your mixing life easier."
"2019/02/12 9:27:27 PM GMT","justin.chaconreyes@pcc.edu","3.00 / 5","Tuesday 10 - 12","-- / 0","","Ride Cymbal & Hi Hat","0.00 / 1","Kick & Snare are typical in the dead center of any drum mic recording. This is not always the case, but most popular music uses this convention for orienting the listener in the stereo field.","Batter & Resonant","1.00 / 1","","Spot Mics","1.00 / 1","","Steve Albini","1.00 / 1","","To give the snare drum bite and sustain while also giving the kick drum woofiness","0.00 / 1","Remember, that when working on tape you have limited real estate to record tracks. By bussing snare and kick together you create a cohesive submix making your mixing life easier."
"2019/02/13 1:18:12 AM GMT","alexandra.stevenson@pcc.edu","5.00 / 5","Tuesday 10 - 12","-- / 0","","Kick & Snare","1.00 / 1","Kick & Snare are typical in the dead center of any drum mic recording. This is not always the case, but most popular music uses this convention for orienting the listener in the stereo field.","Batter & Resonant","1.00 / 1","","Spot Mics","1.00 / 1","","Steve Albini","1.00 / 1","","To make sure they are about equal listening level before being bussed to a track","1.00 / 1","Remember, that when working on tape you have limited real estate to record tracks. By bussing snare and kick together you create a cohesive submix making your mixing life easier."
"2019/02/15 4:14:18 AM GMT","kelsey.arsvold@pcc.edu","5.00 / 5","Monday 1 - 3","-- / 0","","Kick & Snare","1.00 / 1","Kick & Snare are typical in the dead center of any drum mic recording. This is not always the case, but most popular music uses this convention for orienting the listener in the stereo field.","Batter & Resonant","1.00 / 1","","Spot Mics","1.00 / 1","","Steve Albini","1.00 / 1","","To make sure they are about equal listening level before being bussed to a track","1.00 / 1","Remember, that when working on tape you have limited real estate to record tracks. By bussing snare and kick together you create a cohesive submix making your mixing life easier."
"2019/02/15 5:28:18 AM GMT","grant.mansour@pcc.edu","2.00 / 5","Tuesday 1 - 3","-- / 0","","Kick & Snare","1.00 / 1","Kick & Snare are typical in the dead center of any drum mic recording. This is not always the case, but most popular music uses this convention for orienting the listener in the stereo field.","Exciter & Reflector","0.00 / 1","","Spot Mics","1.00 / 1","","POV","0.00 / 1","","To give the snare drum bite and sustain while also giving the kick drum woofiness","0.00 / 1","Remember, that when working on tape you have limited real estate to record tracks. By bussing snare and kick together you create a cohesive submix making your mixing life easier."
"2019/02/16 8:32:38 PM GMT","raul.cuetoosorio@pcc.edu","2.00 / 5","Tuesday 1 - 3","-- / 0","","Ride Cymbal & Hi Hat","0.00 / 1","Kick & Snare are typical in the dead center of any drum mic recording. This is not always the case, but most popular music uses this convention for orienting the listener in the stereo field.","Batter & Resonant","1.00 / 1","","Spot Mics","1.00 / 1","","Glyn Johns","0.00 / 1","","To make the drums punchier","0.00 / 1","Remember, that when working on tape you have limited real estate to record tracks. By bussing snare and kick together you create a cohesive submix making your mixing life easier."
"2019/02/17 2:27:12 AM GMT","britton.dudley@pcc.edu","2.00 / 5","Monday 1 - 3","-- / 0","","Ride Cymbal & Hi Hat","0.00 / 1","Kick & Snare are typical in the dead center of any drum mic recording. This is not always the case, but most popular music uses this convention for orienting the listener in the stereo field.","Batter & Resonant","1.00 / 1","","Spot Mics","1.00 / 1","","POV","0.00 / 1","","To make the drums punchier","0.00 / 1","Remember, that when working on tape you have limited real estate to record tracks. By bussing snare and kick together you create a cohesive submix making your mixing life easier."
"2019/02/18 4:45:20 AM GMT","evan.throckmorton@pcc.edu","5.00 / 5","Tuesday 10 - 12","-- / 0","","Kick & Snare","1.00 / 1","Kick & Snare are typical in the dead center of any drum mic recording. This is not always the case, but most popular music uses this convention for orienting the listener in the stereo field.","Batter & Resonant","1.00 / 1","","Spot Mics","1.00 / 1","","Steve Albini","1.00 / 1","","To make sure they are about equal listening level before being bussed to a track","1.00 / 1","Remember, that when working on tape you have limited real estate to record tracks. By bussing snare and kick together you create a cohesive submix making your mixing life easier."
"2019/02/18 6:13:37 PM GMT","cedric.swan@pcc.edu","3.00 / 5","Tuesday 10 - 12","-- / 0","","Ride Cymbal & Hi Hat","0.00 / 1","Kick & Snare are typical in the dead center of any drum mic recording. This is not always the case, but most popular music uses this convention for orienting the listener in the stereo field.","Batter & Resonant","1.00 / 1","","Spot Mics","1.00 / 1","","Glyn Johns","0.00 / 1","","To make sure they are about equal listening level before being bussed to a track","1.00 / 1","Remember, that when working on tape you have limited real estate to record tracks. By bussing snare and kick together you create a cohesive submix making your mixing life easier."
"2019/02/21 1:31:39 AM GMT","nathan.mutchler@pcc.edu","5.00 / 5","Monday 1 - 3","-- / 0","","Kick & Snare","1.00 / 1","Kick & Snare are typical in the dead center of any drum mic recording. This is not always the case, but most popular music uses this convention for orienting the listener in the stereo field.","Batter & Resonant","1.00 / 1","","Spot Mics","1.00 / 1","","Steve Albini","1.00 / 1","","To make sure they are about equal listening level before being bussed to a track","1.00 / 1","Remember, that when working on tape you have limited real estate to record tracks. By bussing snare and kick together you create a cohesive submix making your mixing life easier."
"2019/02/21 9:57:32 PM GMT","aoi.nakane@pcc.edu","4.00 / 5","Tuesday 1 - 3","-- / 0","","Kick & Snare","1.00 / 1","Kick & Snare are typical in the dead center of any drum mic recording. This is not always the case, but most popular music uses this convention for orienting the listener in the stereo field.","Batter & Resonant","1.00 / 1","","Spot Mics","1.00 / 1","","POV","0.00 / 1","","To make sure they are about equal listening level before being bussed to a track","1.00 / 1","Remember, that when working on tape you have limited real estate to record tracks. By bussing snare and kick together you create a cohesive submix making your mixing life easier."
"2019/03/03 10:21:46 PM GMT","kyle.rodgers1@pcc.edu","2.00 / 5","Monday 1 - 3","-- / 0","","Ride Cymbal & Hi Hat","0.00 / 1","Kick & Snare are typical in the dead center of any drum mic recording. This is not always the case, but most popular music uses this convention for orienting the listener in the stereo field.","Batter & Resonant","1.00 / 1","","Drum Mics","0.00 / 1","","Glyn Johns","0.00 / 1","","To make sure they are about equal listening level before being bussed to a track","1.00 / 1","Remember, that when working on tape you have limited real estate to record tracks. By bussing snare and kick together you create a cohesive submix making your mixing life easier."
"2019/03/07 11:51:19 PM GMT","kristian.mogster@pcc.edu","2.00 / 5","Tuesday 10 - 12","-- / 0","","Ride Cymbal & Hi Hat","0.00 / 1","Kick & Snare are typical in the dead center of any drum mic recording. This is not always the case, but most popular music uses this convention for orienting the listener in the stereo field.","Batter & Resonant","1.00 / 1","","Drum Mics","0.00 / 1","","Steve Albini","1.00 / 1","","Because Jeff told us to","0.00 / 1","Remember, that when working on tape you have limited real estate to record tracks. By bussing snare and kick together you create a cohesive submix making your mixing life easier."
"2019/03/10 6:16:49 AM GMT","bryce.walters@pcc.edu","3.00 / 5","Tuesday 1 - 3","-- / 0","","Toms","0.00 / 1","Kick & Snare are typical in the dead center of any drum mic recording. This is not always the case, but most popular music uses this convention for orienting the listener in the stereo field.","Batter & Resonant","1.00 / 1","","Enhancement Mics","0.00 / 1","","Steve Albini","1.00 / 1","","To make sure they are about equal listening level before being bussed to a track","1.00 / 1","Remember, that when working on tape you have limited real estate to record tracks. By bussing snare and kick together you create a cohesive submix making your mixing life easier."
"2019/03/10 7:11:46 PM GMT","dustin.greedy@pcc.edu","5.00 / 5","Tuesday 10 - 12","-- / 0","","Kick & Snare","1.00 / 1","Kick & Snare are typical in the dead center of any drum mic recording. This is not always the case, but most popular music uses this convention for orienting the listener in the stereo field.","Batter & Resonant","1.00 / 1","","Spot Mics","1.00 / 1","","Steve Albini","1.00 / 1","","To make sure they are about equal listening level before being bussed to a track","1.00 / 1","Remember, that when working on tape you have limited real estate to record tracks. By bussing snare and kick together you create a cohesive submix making your mixing life easier."
"2019/03/11 8:43:51 AM GMT","iyowun.atiku@pcc.edu","2.00 / 5","Tuesday 10 - 12","-- / 0","","Toms","0.00 / 1","Kick & Snare are typical in the dead center of any drum mic recording. This is not always the case, but most popular music uses this convention for orienting the listener in the stereo field.","Exciter & Reflector","0.00 / 1","","Spot Mics","1.00 / 1","","ORTF","0.00 / 1","","To make sure they are about equal listening level before being bussed to a track","1.00 / 1","Remember, that when working on tape you have limited real estate to record tracks. By bussing snare and kick together you create a cohesive submix making your mixing life easier."
"2019/03/13 12:27:04 AM GMT","harrison.smith2@pcc.edu","2.00 / 5","Tuesday 1 - 3","-- / 0","","Toms","0.00 / 1","Kick & Snare are typical in the dead center of any drum mic recording. This is not always the case, but most popular music uses this convention for orienting the listener in the stereo field.","Batter & Resonant","1.00 / 1","","Enhancement Mics","0.00 / 1","","POV","0.00 / 1","","To make sure they are about equal listening level before being bussed to a track","1.00 / 1","Remember, that when working on tape you have limited real estate to record tracks. By bussing snare and kick together you create a cohesive submix making your mixing life easier."
"2019/03/14 12:22:15 AM GMT","brian.sanderlin@pcc.edu","5.00 / 5","Tuesday 1 - 3","-- / 0","","Kick & Snare","1.00 / 1","Kick & Snare are typical in the dead center of any drum mic recording. This is not always the case, but most popular music uses this convention for orienting the listener in the stereo field.","Batter & Resonant","1.00 / 1","","Spot Mics","1.00 / 1","","Steve Albini","1.00 / 1","","To make sure they are about equal listening level before being bussed to a track","1.00 / 1","Remember, that when working on tape you have limited real estate to record tracks. By bussing snare and kick together you create a cohesive submix making your mixing life easier."
"2019/03/18 3:11:24 PM GMT","garrett.smith5@pcc.edu","2.00 / 5","Tuesday 1 - 3","-- / 0","","Kick & Snare","1.00 / 1","Kick & Snare are typical in the dead center of any drum mic recording. This is not always the case, but most popular music uses this convention for orienting the listener in the stereo field.","Primary & Secondary","0.00 / 1","","Enhancement Mics","0.00 / 1","","Steve Albini","1.00 / 1","","To give the snare drum bite and sustain while also giving the kick drum woofiness","0.00 / 1","Remember, that when working on tape you have limited real estate to record tracks. By bussing snare and kick together you create a cohesive submix making your mixing life easier."
"2019/03/18 10:17:03 PM GMT","max.longshore@pcc.edu","3.00 / 5","Monday 1 - 3","-- / 0","","Toms","0.00 / 1","Kick & Snare are typical in the dead center of any drum mic recording. This is not always the case, but most popular music uses this convention for orienting the listener in the stereo field.","Batter & Resonant","1.00 / 1","","Spot Mics","1.00 / 1","","Steve Albini","1.00 / 1","","To make the drums punchier","0.00 / 1","Remember, that when working on tape you have limited real estate to record tracks. By bussing snare and kick together you create a cohesive submix making your mixing life easier."
"2019/03/19 4:19:02 AM GMT","tanner.alcornmandella@pcc.edu","4.00 / 5","Tuesday 1 - 3","-- / 0","","Kick & Snare","1.00 / 1","Kick & Snare are typical in the dead center of any drum mic recording. This is not always the case, but most popular music uses this convention for orienting the listener in the stereo field.","Batter & Resonant","1.00 / 1","","Spot Mics","1.00 / 1","","Steve Albini","1.00 / 1","","To give the snare drum bite and sustain while also giving the kick drum woofiness","0.00 / 1","Remember, that when working on tape you have limited real estate to record tracks. By bussing snare and kick together you create a cohesive submix making your mixing life easier."
"2019/03/21 11:14:34 PM GMT","harvey.buckner@pcc.edu","3.00 / 5","Tuesday 1 - 3","-- / 0","","Kick & Snare","1.00 / 1","Kick & Snare are typical in the dead center of any drum mic recording. This is not always the case, but most popular music uses this convention for orienting the listener in the stereo field.","Batter & Resonant","1.00 / 1","","Spot Mics","1.00 / 1","","POV","0.00 / 1","","To give the snare drum bite and sustain while also giving the kick drum woofiness","0.00 / 1","Remember, that when working on tape you have limited real estate to record tracks. By bussing snare and kick together you create a cohesive submix making your mixing life easier."
"2019/03/21 11:55:39 PM GMT","marc.jablecki@pcc.edu","5.00 / 5","Tuesday 10 - 12","-- / 0","","Kick & Snare","1.00 / 1","Kick & Snare are typical in the dead center of any drum mic recording. This is not always the case, but most popular music uses this convention for orienting the listener in the stereo field.","Batter & Resonant","1.00 / 1","","Spot Mics","1.00 / 1","","Steve Albini","1.00 / 1","","To make sure they are about equal listening level before being bussed to a track","1.00 / 1","Remember, that when working on tape you have limited real estate to record tracks. By bussing snare and kick together you create a cohesive submix making your mixing life easier."
"2019/03/22 8:24:11 PM GMT","addison.lane@pcc.edu","4.00 / 5","Monday 1 - 3","-- / 0","","Kick & Snare","1.00 / 1","Kick & Snare are typical in the dead center of any drum mic recording. This is not always the case, but most popular music uses this convention for orienting the listener in the stereo field.","Batter & Resonant","1.00 / 1","","Spot Mics","1.00 / 1","","Steve Albini","1.00 / 1","","To make the drums punchier","0.00 / 1","Remember, that when working on tape you have limited real estate to record tracks. By bussing snare and kick together you create a cohesive submix making your mixing life easier."
"2019/03/22 10:22:50 PM GMT","chris.taylor9@pcc.edu","3.00 / 5","Tuesday 10 - 12","-- / 0","","Kick & Snare","1.00 / 1","Kick & Snare are typical in the dead center of any drum mic recording. This is not always the case, but most popular music uses this convention for orienting the listener in the stereo field.","Batter & Resonant","1.00 / 1","","Drum Mics","0.00 / 1","","POV","0.00 / 1","","To make sure they are about equal listening level before being bussed to a track","1.00 / 1","Remember, that when working on tape you have limited real estate to record tracks. By bussing snare and kick together you create a cohesive submix making your mixing life easier."