"Timestamp","Username","Total score","Please select your class section","Please select your class section [Score]","Please select your class section [Feedback]","Which of these statements is true regarding dynamic mics?","Which of these statements is true regarding dynamic mics? [Score]","Which of these statements is true regarding dynamic mics? [Feedback]","What type of diaphragm do condenser mics have?","What type of diaphragm do condenser mics have? [Score]","What type of diaphragm do condenser mics have? [Feedback]","Which of these is a type of polar pattern?","Which of these is a type of polar pattern? [Score]","Which of these is a type of polar pattern? [Feedback]","Which mic's can be used on drums?","Which mic's can be used on drums? [Score]","Which mic's can be used on drums? [Feedback]","Which types of microphones always require phantom power?","Which types of microphones always require phantom power? [Score]","Which types of microphones always require phantom power? [Feedback]"
"2019/01/10 8:08:54 PM GMT","lisa.bennett5@pcc.edu","4.00 / 5","","","","They are velocity sensitive","1.00 / 1","","Moving Coil","0.00 / 1","","All of the above","1.00 / 1","","All of them if you're careful","1.00 / 1","","Condenser","1.00 / 1",""
"2019/01/11 8:35:27 PM GMT","phoebe.brown@pcc.edu","5.00 / 5","","","","They are velocity sensitive","1.00 / 1","","Electro-static","1.00 / 1","","All of the above","1.00 / 1","","All of them if you're careful","1.00 / 1","","Condenser","1.00 / 1",""
"2019/01/12 12:45:23 AM GMT","justin.chaconreyes@pcc.edu","5.00 / 5","","","","They are velocity sensitive","1.00 / 1","","Electro-static","1.00 / 1","","All of the above","1.00 / 1","","All of them if you're careful","1.00 / 1","","Condenser","1.00 / 1",""
"2019/01/12 11:29:39 PM GMT","stephen.babcock@pcc.edu","5.00 / 5","","","","They are velocity sensitive","1.00 / 1","","Electro-static","1.00 / 1","","All of the above","1.00 / 1","","All of them if you're careful","1.00 / 1","","Condenser","1.00 / 1",""
"2019/01/13 7:53:58 PM GMT","heidi.worley@pcc.edu","5.00 / 5","","","","They are velocity sensitive","1.00 / 1","","Electro-static","1.00 / 1","","All of the above","1.00 / 1","","All of them if you're careful","1.00 / 1","","Condenser","1.00 / 1",""
"2019/01/14 12:26:01 PM GMT","addison.lane@pcc.edu","4.00 / 5","","","","They are velocity sensitive","1.00 / 1","","Electro-static","1.00 / 1","","Cardioid","0.00 / 1","","All of them if you're careful","1.00 / 1","","Condenser","1.00 / 1",""
"2019/01/14 7:05:47 PM GMT","kyle.rodgers1@pcc.edu","4.00 / 5","","","","They are velocity sensitive","1.00 / 1","","Moving Coil","0.00 / 1","","All of the above","1.00 / 1","","All of them if you're careful","1.00 / 1","","Condenser","1.00 / 1",""
"2019/01/14 8:16:07 PM GMT","kelsey.arsvold@pcc.edu","5.00 / 5","","","","They are velocity sensitive","1.00 / 1","","Electro-static","1.00 / 1","","All of the above","1.00 / 1","","All of them if you're careful","1.00 / 1","","Condenser","1.00 / 1",""
"2019/01/14 8:35:50 PM GMT","aaron.cold@pcc.edu","4.00 / 5","","","","They are velocity sensitive","1.00 / 1","","Wharf-field Sensor","0.00 / 1","","All of the above","1.00 / 1","","All of them if you're careful","1.00 / 1","","Condenser","1.00 / 1",""
"2019/01/14 9:06:15 PM GMT","justin.gay@pcc.edu","4.00 / 5","","","","They are velocity sensitive","1.00 / 1","","Moving Coil","0.00 / 1","","All of the above","1.00 / 1","","All of them if you're careful","1.00 / 1","","Condenser","1.00 / 1",""
"2019/01/14 9:14:08 PM GMT","kyle.wickware@pcc.edu","5.00 / 5","","","","They are velocity sensitive","1.00 / 1","","Electro-static","1.00 / 1","","All of the above","1.00 / 1","","All of them if you're careful","1.00 / 1","","Condenser","1.00 / 1",""
"2019/01/15 1:07:27 AM GMT","max.longshore@pcc.edu","2.00 / 5","","","","They have the widest variation in dynamic response","0.00 / 1","","Electro-diaphragmatic","0.00 / 1","","Cardioid","0.00 / 1","","All of them if you're careful","1.00 / 1","","Condenser","1.00 / 1",""
"2019/01/15 6:50:31 PM GMT","calico.randall@pcc.edu","4.00 / 5","","","","They are velocity sensitive","1.00 / 1","","Moving Coil","0.00 / 1","","All of the above","1.00 / 1","","All of them if you're careful","1.00 / 1","","Condenser","1.00 / 1",""
"2019/01/15 6:54:18 PM GMT","grant.schillinger@pcc.edu","5.00 / 5","","","","They are velocity sensitive","1.00 / 1","","Electro-static","1.00 / 1","","All of the above","1.00 / 1","","All of them if you're careful","1.00 / 1","","Condenser","1.00 / 1",""
"2019/01/15 8:40:12 PM GMT","alexandra.stevenson@pcc.edu","4.00 / 5","","","","They are velocity sensitive","1.00 / 1","","Electro-diaphragmatic","0.00 / 1","","All of the above","1.00 / 1","","All of them if you're careful","1.00 / 1","","Condenser","1.00 / 1",""
"2019/01/15 10:17:44 PM GMT","daniel.minter@pcc.edu","4.00 / 5","","","","They are velocity sensitive","1.00 / 1","","Electro-static","1.00 / 1","","Cardioid","0.00 / 1","","All of them if you're careful","1.00 / 1","","Condenser","1.00 / 1",""
"2019/01/16 9:11:41 PM GMT","dustin.greedy@pcc.edu","3.00 / 5","","","","They have the widest variation in dynamic response","0.00 / 1","","Moving Coil","0.00 / 1","","All of the above","1.00 / 1","","All of them if you're careful","1.00 / 1","","Condenser","1.00 / 1",""
"2019/01/16 9:19:30 PM GMT","marc.jablecki@pcc.edu","4.00 / 5","","","","They are velocity sensitive","1.00 / 1","","Moving Coil","0.00 / 1","","All of the above","1.00 / 1","","All of them if you're careful","1.00 / 1","","Condenser","1.00 / 1",""
"2019/01/16 10:01:19 PM GMT","jonah.vermilya@pcc.edu","5.00 / 5","","","","They are velocity sensitive","1.00 / 1","","Electro-static","1.00 / 1","","All of the above","1.00 / 1","","All of them if you're careful","1.00 / 1","","Condenser","1.00 / 1",""
"2019/01/16 10:06:26 PM GMT","quinlan.taylor@pcc.edu","5.00 / 5","","","","They are velocity sensitive","1.00 / 1","","Electro-static","1.00 / 1","","All of the above","1.00 / 1","","All of them if you're careful","1.00 / 1","","Condenser","1.00 / 1",""
"2019/01/19 10:01:35 PM GMT","lexie.garcia@pcc.edu","5.00 / 5","","","","They are velocity sensitive","1.00 / 1","","Electro-static","1.00 / 1","","All of the above","1.00 / 1","","All of them if you're careful","1.00 / 1","","Condenser","1.00 / 1",""
"2019/01/20 9:08:54 PM GMT","gabe.defrank@pcc.edu","2.00 / 5","","","","They have the widest variation in dynamic response","0.00 / 1","","Moving Coil","0.00 / 1","","Cardioid","0.00 / 1","","All of them if you're careful","1.00 / 1","","Condenser","1.00 / 1",""
"2019/01/21 5:11:58 PM GMT","brandon.thompson6@pcc.edu","3.00 / 5","","","","They have the widest variation in dynamic response","0.00 / 1","","Electro-static","1.00 / 1","","All of the above","1.00 / 1","","All of them if you're careful","1.00 / 1","","Ribbon","0.00 / 1",""
"2019/01/22 12:28:09 AM GMT","tanner.alcornmandella@pcc.edu","4.00 / 5","","","","They are velocity sensitive","1.00 / 1","","Moving Coil","0.00 / 1","","All of the above","1.00 / 1","","All of them if you're careful","1.00 / 1","","Condenser","1.00 / 1",""
"2019/01/22 4:15:25 AM GMT","noah.powell2@pcc.edu","5.00 / 5","","","","They are velocity sensitive","1.00 / 1","","Electro-static","1.00 / 1","","All of the above","1.00 / 1","","All of them if you're careful","1.00 / 1","","Condenser","1.00 / 1",""
"2019/01/22 6:22:28 AM GMT","colette.beard@pcc.edu","3.00 / 5","","","","They require phantom power","0.00 / 1","","Moving Coil","0.00 / 1","","All of the above","1.00 / 1","","All of them if you're careful","1.00 / 1","","Condenser","1.00 / 1",""
"2019/01/22 7:22:48 PM GMT","harrison.smith2@pcc.edu","3.00 / 5","","","","They have the widest variation in dynamic response","0.00 / 1","","Electro-diaphragmatic","0.00 / 1","","All of the above","1.00 / 1","","All of them if you're careful","1.00 / 1","","Condenser","1.00 / 1",""
"2019/01/23 1:18:11 AM GMT","fernando.blanding@pcc.edu","3.00 / 5","","","","They have the widest variation in dynamic response","0.00 / 1","","Electro-diaphragmatic","0.00 / 1","","All of the above","1.00 / 1","","All of them if you're careful","1.00 / 1","","Condenser","1.00 / 1",""
"2019/01/23 3:19:00 AM GMT","harvey.buckner@pcc.edu","3.00 / 5","","","","They have the widest variation in dynamic response","0.00 / 1","","Electro-diaphragmatic","0.00 / 1","","All of the above","1.00 / 1","","All of them if you're careful","1.00 / 1","","Condenser","1.00 / 1",""
"2019/01/23 5:32:37 AM GMT","aoi.nakane@pcc.edu","3.00 / 5","","","","They have the widest variation in dynamic response","0.00 / 1","","Electro-diaphragmatic","0.00 / 1","","All of the above","1.00 / 1","","All of them if you're careful","1.00 / 1","","Condenser","1.00 / 1",""
"2019/01/23 10:59:15 PM GMT","brian.sanderlin@pcc.edu","4.00 / 5","","","","They are velocity sensitive","1.00 / 1","","Electro-static","1.00 / 1","","Figure-8","0.00 / 1","","All of them if you're careful","1.00 / 1","","Condenser","1.00 / 1",""
"2019/01/29 6:22:48 AM GMT","alex.miller1@pcc.edu","5.00 / 5","","","","They are velocity sensitive","1.00 / 1","","Electro-static","1.00 / 1","","All of the above","1.00 / 1","","All of them if you're careful","1.00 / 1","","Condenser","1.00 / 1",""
"2019/01/30 1:45:33 AM GMT","brendan.walker@pcc.edu","5.00 / 5","","","","They are velocity sensitive","1.00 / 1","","Electro-static","1.00 / 1","","All of the above","1.00 / 1","","All of them if you're careful","1.00 / 1","","Condenser","1.00 / 1",""
"2019/02/07 3:53:25 AM GMT","stephanie.caronna@pcc.edu","5.00 / 5","Tuesday 10 - 12","-- / 0","","They are velocity sensitive","1.00 / 1","","Electro-static","1.00 / 1","","All of the above","1.00 / 1","","All of them if you're careful","1.00 / 1","","Condenser","1.00 / 1",""
"2019/02/10 10:21:24 PM GMT","mike.gipson@pcc.edu","5.00 / 5","Tuesday 1 - 3","-- / 0","","They are velocity sensitive","1.00 / 1","","Electro-static","1.00 / 1","","All of the above","1.00 / 1","","All of them if you're careful","1.00 / 1","","Condenser","1.00 / 1",""
"2019/02/15 5:41:52 AM GMT","grant.mansour@pcc.edu","5.00 / 5","Tuesday 1 - 3","-- / 0","","They are velocity sensitive","1.00 / 1","","Electro-static","1.00 / 1","","All of the above","1.00 / 1","","All of them if you're careful","1.00 / 1","","Condenser","1.00 / 1",""
"2019/02/16 7:36:47 PM GMT","raul.cuetoosorio@pcc.edu","3.00 / 5","Tuesday 1 - 3","-- / 0","","They have the widest variation in dynamic response","0.00 / 1","","Electro-static","1.00 / 1","","Cardioid","0.00 / 1","","All of them if you're careful","1.00 / 1","","Condenser","1.00 / 1",""
"2019/02/18 4:32:14 AM GMT","evan.throckmorton@pcc.edu","4.00 / 5","Tuesday 10 - 12","-- / 0","","They have the widest variation in dynamic response","0.00 / 1","","Electro-static","1.00 / 1","","All of the above","1.00 / 1","","All of them if you're careful","1.00 / 1","","Condenser","1.00 / 1",""
"2019/02/21 1:27:15 AM GMT","nathan.mutchler@pcc.edu","5.00 / 5","Monday 1 - 3","-- / 0","","They are velocity sensitive","1.00 / 1","","Electro-static","1.00 / 1","","All of the above","1.00 / 1","","All of them if you're careful","1.00 / 1","","Condenser","1.00 / 1",""
"2019/03/07 2:52:44 AM GMT","bryce.walters@pcc.edu","5.00 / 5","Tuesday 1 - 3","-- / 0","","They are velocity sensitive","1.00 / 1","","Electro-static","1.00 / 1","","All of the above","1.00 / 1","","All of them if you're careful","1.00 / 1","","Condenser","1.00 / 1",""
"2019/03/07 11:39:01 PM GMT","kristian.mogster@pcc.edu","2.00 / 5","Tuesday 10 - 12","-- / 0","","They have the widest variation in dynamic response","0.00 / 1","","Moving Coil","0.00 / 1","","Cardioid","0.00 / 1","","All of them if you're careful","1.00 / 1","","Condenser","1.00 / 1",""
"2019/03/11 8:39:40 AM GMT","iyowun.atiku@pcc.edu","2.00 / 5","Tuesday 10 - 12","-- / 0","","They are used exclusively on drums","0.00 / 1","","Moving Coil","0.00 / 1","","All of the above","1.00 / 1","","Dynamic","0.00 / 1","","Condenser","1.00 / 1",""
"2019/03/19 6:47:51 PM GMT","zach.laurence@pcc.edu","4.00 / 5","Tuesday 10 - 12","-- / 0","","They are velocity sensitive","1.00 / 1","","Electro-diaphragmatic","0.00 / 1","","All of the above","1.00 / 1","","All of them if you're careful","1.00 / 1","","Condenser","1.00 / 1",""
"2019/03/21 3:46:16 AM GMT","britton.dudley@pcc.edu","4.00 / 5","Monday 1 - 3","-- / 0","","They are velocity sensitive","1.00 / 1","","Moving Coil","0.00 / 1","","All of the above","1.00 / 1","","All of them if you're careful","1.00 / 1","","Condenser","1.00 / 1",""
"2019/03/21 5:12:45 PM GMT","chris.taylor9@pcc.edu","4.00 / 5","Tuesday 10 - 12","-- / 0","","They are velocity sensitive","1.00 / 1","","Electro-diaphragmatic","0.00 / 1","","All of the above","1.00 / 1","","All of them if you're careful","1.00 / 1","","Condenser","1.00 / 1",""