"Timestamp","Username","Total score","Please select your class section","Please select your class section [Score]","Please select your class section [Feedback]","In a compressor, what is the name of the circuit that determines the incoming level of a signal and passes control voltage to the gain element?","In a compressor, what is the name of the circuit that determines the incoming level of a signal and passes control voltage to the gain element? [Score]","In a compressor, what is the name of the circuit that determines the incoming level of a signal and passes control voltage to the gain element? [Feedback]","Considering these settings, what would the output level of this compressor be?","Considering these settings, what would the output level of this compressor be? [Score]","Considering these settings, what would the output level of this compressor be? [Feedback]","Why is a feed back compressor considered more musical than a feed forward design?","Why is a feed back compressor considered more musical than a feed forward design? [Score]","Why is a feed back compressor considered more musical than a feed forward design? [Feedback]","How does a limiter differ from a compressor?","How does a limiter differ from a compressor? [Score]","How does a limiter differ from a compressor? [Feedback]","How do you set up parallel compression?","How do you set up parallel compression? [Score]","How do you set up parallel compression? [Feedback]"
"2019/02/26 11:09:28 PM GMT","daniel.minter@pcc.edu","3.00 / 5","Tuesday 1 - 3","0.00 / 0","","Detector","1.00 / 1","","-125db","0.00 / 1","","They allow transients to pass through, maintaining natural dynamic range.","0.00 / 1","","It can have ratios of infinity to one","1.00 / 1","","By mixing an unprocessed signal together with a compressed signal using sends.","1.00 / 1",""
"2019/02/27 1:59:14 AM GMT","aoi.nakane@pcc.edu","3.00 / 5","Tuesday 1 - 3","0.00 / 0","","Detector","1.00 / 1","","-125db","0.00 / 1","","They react to signal that has already been compressed, allowing for a smoother sound.","1.00 / 1","","It can have ratios of infinity to one","1.00 / 1","","By using two or more compressors connected to each other","0.00 / 1",""
"2019/02/28 4:54:21 AM GMT","alexandra.stevenson@pcc.edu","5.00 / 5","Tuesday 10 -12","0.00 / 0","","Detector","1.00 / 1","","-175db","1.00 / 1","","They react to signal that has already been compressed, allowing for a smoother sound.","1.00 / 1","","It can have ratios of infinity to one","1.00 / 1","","By mixing an unprocessed signal together with a compressed signal using sends.","1.00 / 1",""
"2019/03/03 10:43:07 PM GMT","heidi.worley@pcc.edu","4.00 / 5","Monday 1 - 3","0.00 / 0","","Detector","1.00 / 1","","-25db","0.00 / 1","","They react to signal that has already been compressed, allowing for a smoother sound.","1.00 / 1","","It can have ratios of infinity to one","1.00 / 1","","By mixing an unprocessed signal together with a compressed signal using sends.","1.00 / 1",""
"2019/03/04 1:50:06 AM GMT","evan.throckmorton@pcc.edu","3.00 / 5","Tuesday 10 -12","0.00 / 0","","Detector","1.00 / 1","","-125db","0.00 / 1","","They allow transients to pass through, maintaining natural dynamic range.","0.00 / 1","","It can have ratios of infinity to one","1.00 / 1","","By mixing an unprocessed signal together with a compressed signal using sends.","1.00 / 1",""
"2019/03/06 1:45:25 AM GMT","stephanie.caronna@pcc.edu","4.00 / 5","Tuesday 10 -12","0.00 / 0","","Detector","1.00 / 1","","-125db","0.00 / 1","","They react to signal that has already been compressed, allowing for a smoother sound.","1.00 / 1","","It can have ratios of infinity to one","1.00 / 1","","By mixing an unprocessed signal together with a compressed signal using sends.","1.00 / 1",""
"2019/03/06 8:58:53 PM GMT","stephen.babcock@pcc.edu","4.00 / 5","Monday 1 - 3","0.00 / 0","","Detector","1.00 / 1","","-125db","0.00 / 1","","They react to signal that has already been compressed, allowing for a smoother sound.","1.00 / 1","","It can have ratios of infinity to one","1.00 / 1","","By mixing an unprocessed signal together with a compressed signal using sends.","1.00 / 1",""
"2019/03/07 7:05:35 AM GMT","mike.gipson@pcc.edu","3.00 / 5","Tuesday 1 - 3","0.00 / 0","","Crossover","0.00 / 1","","-175db","1.00 / 1","","They react to signal that has already been compressed, allowing for a smoother sound.","1.00 / 1","","It has no makeup gain","0.00 / 1","","By mixing an unprocessed signal together with a compressed signal using sends.","1.00 / 1",""
"2019/03/07 10:00:48 PM GMT","brian.sanderlin@pcc.edu","3.00 / 5","Tuesday 1 - 3","0.00 / 0","","Detector","1.00 / 1","","-25db","0.00 / 1","","They allow transients to pass through, maintaining natural dynamic range.","0.00 / 1","","It can have ratios of infinity to one","1.00 / 1","","By mixing an unprocessed signal together with a compressed signal using sends.","1.00 / 1",""
"2019/03/07 11:55:30 PM GMT","kristian.mogster@pcc.edu","4.00 / 5","Tuesday 10 -12","0.00 / 0","","Detector","1.00 / 1","","-125db","0.00 / 1","","They react to signal that has already been compressed, allowing for a smoother sound.","1.00 / 1","","It can have ratios of infinity to one","1.00 / 1","","By mixing an unprocessed signal together with a compressed signal using sends.","1.00 / 1",""
"2019/03/10 12:51:03 AM GMT","justin.chaconreyes@pcc.edu","3.00 / 5","Tuesday 10 -12","0.00 / 0","","Frequency Analyzer","0.00 / 1","","-150db","0.00 / 1","","They react to signal that has already been compressed, allowing for a smoother sound.","1.00 / 1","","It can have ratios of infinity to one","1.00 / 1","","By mixing an unprocessed signal together with a compressed signal using sends.","1.00 / 1",""
"2019/03/10 10:26:00 PM GMT","kyle.rodgers1@pcc.edu","3.00 / 5","Monday 1 - 3","0.00 / 0","","Detector","1.00 / 1","","-25db","0.00 / 1","","They react to signal that has already been compressed, allowing for a smoother sound.","1.00 / 1","","It has no makeup gain","0.00 / 1","","By mixing an unprocessed signal together with a compressed signal using sends.","1.00 / 1",""
"2019/03/11 8:48:06 AM GMT","iyowun.atiku@pcc.edu","2.00 / 5","Monday 1 - 3","0.00 / 0","","Crossover","0.00 / 1","","-175db","1.00 / 1","","They react to signal that has already been compressed, allowing for a smoother sound.","1.00 / 1","","It has no makeup gain","0.00 / 1","","By setting Attack Time to 10 o'clock, Release time to  o'clock, and Ratio to 4:1. Dr. Pepper Baby!","0.00 / 1",""
"2019/03/13 12:31:59 AM GMT","harrison.smith2@pcc.edu","2.00 / 5","Tuesday 1 - 3","0.00 / 0","","Detector","1.00 / 1","","-25db","0.00 / 1","","They allow transients to pass through, maintaining natural dynamic range.","0.00 / 1","","It can have ratios of infinity to one","1.00 / 1","","By using two or more compressors connected to each other","0.00 / 1",""
"2019/03/13 1:53:13 AM GMT","lexie.garcia@pcc.edu","4.00 / 5","Monday 1 - 3","0.00 / 0","","Detector","1.00 / 1","","-125db","0.00 / 1","","They react to signal that has already been compressed, allowing for a smoother sound.","1.00 / 1","","It can have ratios of infinity to one","1.00 / 1","","By mixing an unprocessed signal together with a compressed signal using sends.","1.00 / 1",""
"2019/03/17 11:40:32 PM GMT","raul.cuetoosorio@pcc.edu","5.00 / 5","Tuesday 1 - 3","0.00 / 0","","Detector","1.00 / 1","","-175db","1.00 / 1","","They react to signal that has already been compressed, allowing for a smoother sound.","1.00 / 1","","It can have ratios of infinity to one","1.00 / 1","","By mixing an unprocessed signal together with a compressed signal using sends.","1.00 / 1",""
"2019/03/18 3:14:17 PM GMT","garrett.smith5@pcc.edu","3.00 / 5","Tuesday 1 - 3","0.00 / 0","","Detector","1.00 / 1","","-125db","0.00 / 1","","They allow transients to pass through, maintaining natural dynamic range.","0.00 / 1","","It can have ratios of infinity to one","1.00 / 1","","By mixing an unprocessed signal together with a compressed signal using sends.","1.00 / 1",""
"2019/03/18 11:00:44 PM GMT","grant.mansour@pcc.edu","3.00 / 5","Tuesday 1 - 3","0.00 / 0","","Crossover","0.00 / 1","","-125db","0.00 / 1","","They react to signal that has already been compressed, allowing for a smoother sound.","1.00 / 1","","It can have ratios of infinity to one","1.00 / 1","","By mixing an unprocessed signal together with a compressed signal using sends.","1.00 / 1",""
"2019/03/19 12:21:52 AM GMT","jonah.vermilya@pcc.edu","2.00 / 5","Monday 1 - 3","0.00 / 0","","Frequency Analyzer","0.00 / 1","","-25db","0.00 / 1","","They react to signal that has already been compressed, allowing for a smoother sound.","1.00 / 1","","It has no makeup gain","0.00 / 1","","By mixing an unprocessed signal together with a compressed signal using sends.","1.00 / 1",""
"2019/03/19 4:26:03 AM GMT","tanner.alcornmandella@pcc.edu","2.00 / 5","Tuesday 1 - 3","0.00 / 0","","Crossover","0.00 / 1","","-125db","0.00 / 1","","They allow transients to pass through, maintaining natural dynamic range.","0.00 / 1","","It can have ratios of infinity to one","1.00 / 1","","By mixing an unprocessed signal together with a compressed signal using sends.","1.00 / 1",""
"2019/03/19 4:40:14 PM GMT","grant.schillinger@pcc.edu","4.00 / 5","Tuesday 10 -12","0.00 / 0","","Detector","1.00 / 1","","-25db","0.00 / 1","","They react to signal that has already been compressed, allowing for a smoother sound.","1.00 / 1","","It can have ratios of infinity to one","1.00 / 1","","By mixing an unprocessed signal together with a compressed signal using sends.","1.00 / 1",""
"2019/03/19 6:31:29 PM GMT","zach.laurence@pcc.edu","2.00 / 5","Tuesday 1 - 3","0.00 / 0","","Crossover","0.00 / 1","","-25db","0.00 / 1","","They allow transients to pass through, maintaining natural dynamic range.","0.00 / 1","","It can have ratios of infinity to one","1.00 / 1","","By mixing an unprocessed signal together with a compressed signal using sends.","1.00 / 1",""
"2019/03/19 7:41:55 PM GMT","noah.powell2@pcc.edu","5.00 / 5","Tuesday 1 - 3","0.00 / 0","","Detector","1.00 / 1","","-175db","1.00 / 1","","They react to signal that has already been compressed, allowing for a smoother sound.","1.00 / 1","","It can have ratios of infinity to one","1.00 / 1","","By mixing an unprocessed signal together with a compressed signal using sends.","1.00 / 1",""
"2019/03/19 10:44:49 PM GMT","dustin.greedy@pcc.edu","3.00 / 5","Tuesday 10 -12","0.00 / 0","","Detector","1.00 / 1","","-125db","0.00 / 1","","They react to signal that has already been compressed, allowing for a smoother sound.","1.00 / 1","","It has no makeup gain","0.00 / 1","","By mixing an unprocessed signal together with a compressed signal using sends.","1.00 / 1",""
"2019/03/21 3:11:26 AM GMT","britton.dudley@pcc.edu","4.00 / 5","Monday 1 - 3","0.00 / 0","","Detector","1.00 / 1","","-125db","0.00 / 1","","They react to signal that has already been compressed, allowing for a smoother sound.","1.00 / 1","","It can have ratios of infinity to one","1.00 / 1","","By mixing an unprocessed signal together with a compressed signal using sends.","1.00 / 1",""
"2019/03/21 8:16:51 PM GMT","fernando.blanding@pcc.edu","2.00 / 5","Tuesday 1 - 3","0.00 / 0","","Frequency Analyzer","0.00 / 1","","-25db","0.00 / 1","","They react to signal that has already been compressed, allowing for a smoother sound.","1.00 / 1","","It has no makeup gain","0.00 / 1","","By mixing an unprocessed signal together with a compressed signal using sends.","1.00 / 1",""
"2019/03/21 10:31:22 PM GMT","harvey.buckner@pcc.edu","3.00 / 5","Tuesday 1 - 3","0.00 / 0","","Detector","1.00 / 1","","-125db","0.00 / 1","","They use tubes, which naturally sound better.","0.00 / 1","","It can have ratios of infinity to one","1.00 / 1","","By mixing an unprocessed signal together with a compressed signal using sends.","1.00 / 1",""
"2019/03/22 12:18:49 AM GMT","marc.jablecki@pcc.edu","2.00 / 5","Tuesday 10 -12","0.00 / 0","","Frequency Analyzer","0.00 / 1","","-175db","1.00 / 1","","They allow transients to pass through, maintaining natural dynamic range.","0.00 / 1","","It has no makeup gain","0.00 / 1","","By mixing an unprocessed signal together with a compressed signal using sends.","1.00 / 1",""
"2019/03/22 8:35:25 PM GMT","addison.lane@pcc.edu","3.00 / 5","Monday 1 - 3","0.00 / 0","","Detector","1.00 / 1","","-25db","0.00 / 1","","They react to signal that has already been compressed, allowing for a smoother sound.","1.00 / 1","","It has no makeup gain","0.00 / 1","","By mixing an unprocessed signal together with a compressed signal using sends.","1.00 / 1",""
"2019/03/23 1:21:22 AM GMT","chris.taylor9@pcc.edu","2.00 / 5","Tuesday 10 -12","0.00 / 0","","Detector","1.00 / 1","","-25db","0.00 / 1","","They allow transients to pass through, maintaining natural dynamic range.","0.00 / 1","","It can have ratios of infinity to one","1.00 / 1","","By setting Attack Time to 10 o'clock, Release time to  o'clock, and Ratio to 4:1. Dr. Pepper Baby!","0.00 / 1",""
"2019/03/24 7:40:29 AM GMT","bryce.walters@pcc.edu","3.00 / 5","Tuesday 1 - 3","0.00 / 0","","Detector","1.00 / 1","","-125db","0.00 / 1","","They react to signal that has already been compressed, allowing for a smoother sound.","1.00 / 1","","It's attack time is usually very slow","0.00 / 1","","By mixing an unprocessed signal together with a compressed signal using sends.","1.00 / 1",""
"2019/03/24 11:43:33 PM GMT","colette.beard@pcc.edu","3.00 / 5","Monday 1 - 3","0.00 / 0","","Detector","1.00 / 1","","-25db","0.00 / 1","","They allow transients to pass through, maintaining natural dynamic range.","0.00 / 1","","It can have ratios of infinity to one","1.00 / 1","","By mixing an unprocessed signal together with a compressed signal using sends.","1.00 / 1",""