"Timestamp","Username","Total score","Please select your class section","Please select your class section [Score]","Please select your class section [Feedback]","Which of these is not a coincident mic pair?","Which of these is not a coincident mic pair? [Score]","Which of these is not a coincident mic pair? [Feedback]","What type of polar pattern do you need for a Blumlein setup?","What type of polar pattern do you need for a Blumlein setup? [Score]","What type of polar pattern do you need for a Blumlein setup? [Feedback]","What does the 3:1 rule for stereo micing state?","What does the 3:1 rule for stereo micing state? [Score]","What does the 3:1 rule for stereo micing state? [Feedback]","Which type of stereo pair is the least phase coherent?","Which type of stereo pair is the least phase coherent? [Score]","Which type of stereo pair is the least phase coherent? [Feedback]","Which of these placements is usually past the critical distance point for a sound source?","Which of these placements is usually past the critical distance point for a sound source? [Score]","Which of these placements is usually past the critical distance point for a sound source? [Feedback]"
"2019/01/18 10:53:42 PM GMT","zach.laurence@pcc.edu","1.00 / 5","","","","MS","0.00 / 1","","Omnidirectional","0.00 / 1","","The 2nd mic in a stereo pair must be 3x time the distance away from the 1st mic that the 1st mic is from the source","1.00 / 1","","Coincident","0.00 / 1","","Close","0.00 / 1",""
"2019/01/19 1:47:51 AM GMT","justin.chaconreyes@pcc.edu","3.00 / 5","","","","ORTF","1.00 / 1","","Omnidirectional","0.00 / 1","","The 2nd mic in a stereo pair must be 3x time the distance away from the 1st mic that the 1st mic is from the source","1.00 / 1","","Coincident","0.00 / 1","","Ambient","1.00 / 1",""
"2019/01/19 2:06:47 AM GMT","stephanie.caronna@pcc.edu","5.00 / 5","","","","ORTF","1.00 / 1","","Bi-Directional","1.00 / 1","","The 2nd mic in a stereo pair must be 3x time the distance away from the 1st mic that the 1st mic is from the source","1.00 / 1","","Spaced Pairs","1.00 / 1","","Ambient","1.00 / 1",""
"2019/01/19 10:28:07 PM GMT","lexie.garcia@pcc.edu","4.00 / 5","","","","ORTF","1.00 / 1","","Bi-Directional","1.00 / 1","","The 2nd mic in a stereo pair must be 3x time the distance away from the 1st mic that the 1st mic is from the source","1.00 / 1","","Spaced Pairs","1.00 / 1","","Distant","0.00 / 1",""
"2019/01/19 11:29:02 PM GMT","stephen.babcock@pcc.edu","5.00 / 5","","","","ORTF","1.00 / 1","","Bi-Directional","1.00 / 1","","The 2nd mic in a stereo pair must be 3x time the distance away from the 1st mic that the 1st mic is from the source","1.00 / 1","","Spaced Pairs","1.00 / 1","","Ambient","1.00 / 1",""
"2019/01/20 9:07:45 PM GMT","gabe.defrank@pcc.edu","4.00 / 5","","","","ORTF","1.00 / 1","","Bi-Directional","1.00 / 1","","The 2nd mic in a stereo pair must be 3x time the distance away from the 1st mic that the 1st mic is from the source","1.00 / 1","","Spaced Pairs","1.00 / 1","","Distant","0.00 / 1",""
"2019/01/21 5:08:58 PM GMT","brandon.thompson6@pcc.edu","2.00 / 5","","","","Blumelein","0.00 / 1","","Omnidirectional","0.00 / 1","","The 2nd mic in a stereo pair must be 3x time the distance away from the 1st mic that the 1st mic is from the source","1.00 / 1","","Spaced Pairs","1.00 / 1","","Close","0.00 / 1",""
"2019/01/21 11:35:38 PM GMT","iyowun.atiku@pcc.edu","2.00 / 5","","","","Blumelein","0.00 / 1","","Bi-Directional","1.00 / 1","","The 2nd mic in a stereo pair must be 3x time the distance away from the 1st mic that the 1st mic is from the source","1.00 / 1","","Coincident","0.00 / 1","","Distant","0.00 / 1",""
"2019/01/22 1:57:07 AM GMT","kyle.rodgers1@pcc.edu","2.00 / 5","","","","XY","0.00 / 1","","Omnidirectional","0.00 / 1","","The 2nd mic in a stereo pair must be 3x time the distance away from the 1st mic that the 1st mic is from the source","1.00 / 1","","Baffled Pairs","0.00 / 1","","Ambient","1.00 / 1",""
"2019/01/22 4:48:24 AM GMT","noah.powell2@pcc.edu","5.00 / 5","","","","ORTF","1.00 / 1","","Bi-Directional","1.00 / 1","","The 2nd mic in a stereo pair must be 3x time the distance away from the 1st mic that the 1st mic is from the source","1.00 / 1","","Spaced Pairs","1.00 / 1","","Ambient","1.00 / 1",""
"2019/01/22 6:26:04 AM GMT","colette.beard@pcc.edu","3.00 / 5","","","","ORTF","1.00 / 1","","Omnidirectional","0.00 / 1","","The 2nd mic in a stereo pair must be 3x time the distance away from the 1st mic that the 1st mic is from the source","1.00 / 1","","Spaced Pairs","1.00 / 1","","Distant","0.00 / 1",""
"2019/01/22 9:16:55 AM GMT","justin.gay@pcc.edu","3.00 / 5","","","","ORTF","1.00 / 1","","Bi-Directional","1.00 / 1","","The 2nd mic in a stereo pair must be 3x time the distance away from the 1st mic that the 1st mic is from the source","1.00 / 1","","Near Coincident","0.00 / 1","","Distant","0.00 / 1",""
"2019/01/22 4:17:15 PM GMT","max.longshore@pcc.edu","3.00 / 5","","","","MS","0.00 / 1","","Omnidirectional","0.00 / 1","","The 2nd mic in a stereo pair must be 3x time the distance away from the 1st mic that the 1st mic is from the source","1.00 / 1","","Spaced Pairs","1.00 / 1","","Ambient","1.00 / 1",""
"2019/01/22 7:24:26 PM GMT","harrison.smith2@pcc.edu","2.00 / 5","","","","MS","0.00 / 1","","Omnidirectional","0.00 / 1","","The 2nd mic in a stereo pair must be 3x time the distance away from the 1st mic that the 1st mic is from the source","1.00 / 1","","Spaced Pairs","1.00 / 1","","Distant","0.00 / 1",""
"2019/01/22 7:37:13 PM GMT","quinlan.taylor@pcc.edu","5.00 / 5","","","","ORTF","1.00 / 1","","Bi-Directional","1.00 / 1","","The 2nd mic in a stereo pair must be 3x time the distance away from the 1st mic that the 1st mic is from the source","1.00 / 1","","Spaced Pairs","1.00 / 1","","Ambient","1.00 / 1",""
"2019/01/22 10:46:27 PM GMT","aaron.cold@pcc.edu","4.00 / 5","","","","ORTF","1.00 / 1","","Bi-Directional","1.00 / 1","","The 2nd mic in a stereo pair must be 3x time the distance away from the 1st mic that the 1st mic is from the source","1.00 / 1","","Baffled Pairs","0.00 / 1","","Ambient","1.00 / 1",""
"2019/01/23 1:16:08 AM GMT","fernando.blanding@pcc.edu","4.00 / 5","","","","ORTF","1.00 / 1","","Bi-Directional","1.00 / 1","","The 2nd mic in a stereo pair must be 3x time the distance away from the 1st mic that the 1st mic is from the source","1.00 / 1","","Baffled Pairs","0.00 / 1","","Ambient","1.00 / 1",""
"2019/01/23 1:22:03 AM GMT","daniel.minter@pcc.edu","4.00 / 5","","","","ORTF","1.00 / 1","","Bi-Directional","1.00 / 1","","The 2nd mic in a stereo pair must be 3x time the distance away from the 1st mic that the 1st mic is from the source","1.00 / 1","","Spaced Pairs","1.00 / 1","","Distant","0.00 / 1",""
"2019/01/23 1:28:07 AM GMT","heidi.worley@pcc.edu","5.00 / 5","","","","ORTF","1.00 / 1","","Bi-Directional","1.00 / 1","","The 2nd mic in a stereo pair must be 3x time the distance away from the 1st mic that the 1st mic is from the source","1.00 / 1","","Spaced Pairs","1.00 / 1","","Ambient","1.00 / 1",""
"2019/01/23 5:31:43 AM GMT","aoi.nakane@pcc.edu","3.00 / 5","","","","Blumelein","0.00 / 1","","Bi-Directional","1.00 / 1","","The 2nd mic in a stereo pair must be 3x time the distance away from the 1st mic that the 1st mic is from the source","1.00 / 1","","Baffled Pairs","0.00 / 1","","Ambient","1.00 / 1",""
"2019/01/23 10:56:30 PM GMT","brian.sanderlin@pcc.edu","4.00 / 5","","","","ORTF","1.00 / 1","","Bi-Directional","1.00 / 1","","The 2nd mic in a stereo pair must be 3x time the distance away from the 1st mic that the 1st mic is from the source","1.00 / 1","","Near Coincident","0.00 / 1","","Ambient","1.00 / 1",""
"2019/01/25 6:25:33 AM GMT","tanner.alcornmandella@pcc.edu","4.00 / 5","","","","MS","0.00 / 1","","Bi-Directional","1.00 / 1","","The 2nd mic in a stereo pair must be 3x time the distance away from the 1st mic that the 1st mic is from the source","1.00 / 1","","Spaced Pairs","1.00 / 1","","Ambient","1.00 / 1",""
"2019/01/29 6:30:30 AM GMT","alex.miller1@pcc.edu","5.00 / 5","","","","ORTF","1.00 / 1","","Bi-Directional","1.00 / 1","","The 2nd mic in a stereo pair must be 3x time the distance away from the 1st mic that the 1st mic is from the source","1.00 / 1","","Spaced Pairs","1.00 / 1","","Ambient","1.00 / 1",""
"2019/01/30 1:40:00 AM GMT","brendan.walker@pcc.edu","5.00 / 5","","","","ORTF","1.00 / 1","","Bi-Directional","1.00 / 1","","The 2nd mic in a stereo pair must be 3x time the distance away from the 1st mic that the 1st mic is from the source","1.00 / 1","","Spaced Pairs","1.00 / 1","","Ambient","1.00 / 1",""
"2019/02/06 11:27:16 PM GMT","grant.schillinger@pcc.edu","5.00 / 5","Tuesday 10 - 12","-- / 0","","ORTF","1.00 / 1","","Bi-Directional","1.00 / 1","","The 2nd mic in a stereo pair must be 3x time the distance away from the 1st mic that the 1st mic is from the source","1.00 / 1","","Spaced Pairs","1.00 / 1","","Ambient","1.00 / 1",""
"2019/02/07 4:52:15 AM GMT","phoebe.brown@pcc.edu","5.00 / 5","Monday 1 -3","-- / 0","","ORTF","1.00 / 1","","Bi-Directional","1.00 / 1","","The 2nd mic in a stereo pair must be 3x time the distance away from the 1st mic that the 1st mic is from the source","1.00 / 1","","Spaced Pairs","1.00 / 1","","Ambient","1.00 / 1",""
"2019/02/10 10:27:09 PM GMT","mike.gipson@pcc.edu","4.00 / 5","Tuesday 1 - 3","-- / 0","","ORTF","1.00 / 1","","Bi-Directional","1.00 / 1","","The 2nd mic in a stereo pair must be 3x time the distance away from the 1st mic that the 1st mic is from the source","1.00 / 1","","Spaced Pairs","1.00 / 1","","Distant","0.00 / 1",""
"2019/02/13 1:00:02 AM GMT","alexandra.stevenson@pcc.edu","5.00 / 5","Tuesday 10 - 12","-- / 0","","ORTF","1.00 / 1","","Bi-Directional","1.00 / 1","","The 2nd mic in a stereo pair must be 3x time the distance away from the 1st mic that the 1st mic is from the source","1.00 / 1","","Spaced Pairs","1.00 / 1","","Ambient","1.00 / 1",""
"2019/02/15 4:25:40 AM GMT","kelsey.arsvold@pcc.edu","5.00 / 5","Monday 1 -3","-- / 0","","ORTF","1.00 / 1","","Bi-Directional","1.00 / 1","","The 2nd mic in a stereo pair must be 3x time the distance away from the 1st mic that the 1st mic is from the source","1.00 / 1","","Spaced Pairs","1.00 / 1","","Ambient","1.00 / 1",""
"2019/02/15 5:36:56 AM GMT","grant.mansour@pcc.edu","4.00 / 5","Tuesday 1 - 3","-- / 0","","ORTF","1.00 / 1","","Bi-Directional","1.00 / 1","","The 2nd mic in a stereo pair must be 3x time the distance away from the 1st mic that the 1st mic is from the source","1.00 / 1","","Coincident","0.00 / 1","","Ambient","1.00 / 1",""
"2019/02/16 7:57:25 PM GMT","raul.cuetoosorio@pcc.edu","5.00 / 5","Tuesday 1 - 3","-- / 0","","ORTF","1.00 / 1","","Bi-Directional","1.00 / 1","","The 2nd mic in a stereo pair must be 3x time the distance away from the 1st mic that the 1st mic is from the source","1.00 / 1","","Spaced Pairs","1.00 / 1","","Ambient","1.00 / 1",""
"2019/02/18 4:38:54 AM GMT","evan.throckmorton@pcc.edu","3.00 / 5","Tuesday 10 - 12","-- / 0","","MS","0.00 / 1","","Bi-Directional","1.00 / 1","","The 2nd mic in a stereo pair must be 3x time the distance away from the 1st mic that the 1st mic is from the source","1.00 / 1","","Near Coincident","0.00 / 1","","Ambient","1.00 / 1",""
"2019/02/21 1:29:30 AM GMT","nathan.mutchler@pcc.edu","5.00 / 5","Monday 1 -3","-- / 0","","ORTF","1.00 / 1","","Bi-Directional","1.00 / 1","","The 2nd mic in a stereo pair must be 3x time the distance away from the 1st mic that the 1st mic is from the source","1.00 / 1","","Spaced Pairs","1.00 / 1","","Ambient","1.00 / 1",""
"2019/02/26 7:14:48 PM GMT","jonah.vermilya@pcc.edu","4.00 / 5","Monday 1 -3","-- / 0","","ORTF","1.00 / 1","","Bi-Directional","1.00 / 1","","The 2nd mic in a stereo pair must be 3x time the distance away from the 1st mic that the 1st mic is from the source","1.00 / 1","","Near Coincident","0.00 / 1","","Ambient","1.00 / 1",""
"2019/03/07 3:34:05 AM GMT","bryce.walters@pcc.edu","5.00 / 5","Tuesday 1 - 3","-- / 0","","ORTF","1.00 / 1","","Bi-Directional","1.00 / 1","","The 2nd mic in a stereo pair must be 3x time the distance away from the 1st mic that the 1st mic is from the source","1.00 / 1","","Spaced Pairs","1.00 / 1","","Ambient","1.00 / 1",""
"2019/03/07 11:44:49 PM GMT","kristian.mogster@pcc.edu","2.00 / 5","Tuesday 10 - 12","-- / 0","","Blumelein","0.00 / 1","","Bi-Directional","1.00 / 1","","The 2nd mic in a stereo pair must be 3x time the distance away from the 1st mic that the 1st mic is from the source","1.00 / 1","","Coincident","0.00 / 1","","Distant","0.00 / 1",""
"2019/03/10 7:07:36 PM GMT","dustin.greedy@pcc.edu","3.00 / 5","Tuesday 10 - 12","-- / 0","","MS","0.00 / 1","","Bi-Directional","1.00 / 1","","Mic's must be placed a distance that is a multiple of 3 inches away from the source","0.00 / 1","","Spaced Pairs","1.00 / 1","","Ambient","1.00 / 1",""
"2019/03/12 5:24:39 AM GMT","calico.randall@pcc.edu","4.00 / 5","Tuesday 10 - 12","-- / 0","","ORTF","1.00 / 1","","Omnidirectional","0.00 / 1","","The 2nd mic in a stereo pair must be 3x time the distance away from the 1st mic that the 1st mic is from the source","1.00 / 1","","Spaced Pairs","1.00 / 1","","Ambient","1.00 / 1",""
"2019/03/21 3:39:55 AM GMT","britton.dudley@pcc.edu","4.00 / 5","Monday 1 -3","-- / 0","","ORTF","1.00 / 1","","Bi-Directional","1.00 / 1","","The 2nd mic in a stereo pair must be 3x time the distance away from the 1st mic that the 1st mic is from the source","1.00 / 1","","Coincident","0.00 / 1","","Ambient","1.00 / 1",""
"2019/03/21 5:29:08 PM GMT","chris.taylor9@pcc.edu","3.00 / 5","Tuesday 10 - 12","-- / 0","","MS","0.00 / 1","","Bi-Directional","1.00 / 1","","The 2nd mic in a stereo pair must be 3x time the distance away from the 1st mic that the 1st mic is from the source","1.00 / 1","","Spaced Pairs","1.00 / 1","","Distant","0.00 / 1",""
"2019/03/21 10:27:26 PM GMT","harvey.buckner@pcc.edu","2.00 / 5","Tuesday 1 - 3","-- / 0","","MS","0.00 / 1","","Bi-Directional","1.00 / 1","","The 2nd mic in a stereo pair must be 3x time the distance away from the 1st mic that the 1st mic is from the source","1.00 / 1","","Coincident","0.00 / 1","","Distant","0.00 / 1",""
"2019/03/21 11:41:44 PM GMT","marc.jablecki@pcc.edu","5.00 / 5","Tuesday 10 - 12","-- / 0","","ORTF","1.00 / 1","","Bi-Directional","1.00 / 1","","The 2nd mic in a stereo pair must be 3x time the distance away from the 1st mic that the 1st mic is from the source","1.00 / 1","","Spaced Pairs","1.00 / 1","","Ambient","1.00 / 1",""
"2019/03/22 8:07:02 PM GMT","addison.lane@pcc.edu","5.00 / 5","Monday 1 -3","-- / 0","","ORTF","1.00 / 1","","Bi-Directional","1.00 / 1","","The 2nd mic in a stereo pair must be 3x time the distance away from the 1st mic that the 1st mic is from the source","1.00 / 1","","Spaced Pairs","1.00 / 1","","Ambient","1.00 / 1",""