"Timestamp","Username","ZIP Upload"
"2019/05/30 8:58:35 PM GMT","alex.miller1@pcc.edu","https://drive.google.com/a/pcc.edu/open?usp=forms_web&id=1Ih5NIj1iL1a91VOp4Jb6wAlYxISD4oRa"
"2019/06/04 12:31:05 PM GMT","daniel.minter@pcc.edu","https://drive.google.com/a/pcc.edu/open?usp=forms_web&id=1lwAcAKCvvJiwQRW6DagdyqsKI9Qd682g"
"2019/06/05 2:01:53 AM GMT","quinlan.taylor@pcc.edu","https://drive.google.com/a/pcc.edu/open?usp=forms_web&id=1iu_f4ANaWED1NtIlYpUoDSLIP8xhCwqn"
"2019/06/07 4:40:46 AM GMT","nathan.mutchler@pcc.edu","https://drive.google.com/a/pcc.edu/open?usp=forms_web&id=1PCI17vmem53nWXqBFawi32LPHxO9kMI-"
"2019/06/07 5:14:23 AM GMT","brian.sanderlin@pcc.edu","https://drive.google.com/a/pcc.edu/open?usp=forms_web&id=1HbadMXNpzU14sILv91ME_YfOFPWBq775"
"2019/06/09 1:21:31 AM GMT","mike.gipson@pcc.edu","https://drive.google.com/a/pcc.edu/open?usp=forms_web&id=1V881fMpbhu6SOk0MzXhxYP1G2ILyoLHl"
"2019/06/09 5:53:13 AM GMT","raul.cuetoosorio@pcc.edu","https://drive.google.com/a/pcc.edu/open?usp=forms_web&id=179MJjmSOfTRe2ZxBbtiQ1pf3J7VcQ-02"
"2019/06/09 6:59:16 PM GMT","kyle.rodgers1@pcc.edu","https://drive.google.com/a/pcc.edu/open?usp=forms_web&id=1Cnk7BmmJRzVOhEXl9MBRXvUJbo2O5rD2"