"Timestamp","Username","Total score","Please select your class section","Please select your class section [Score]","Please select your class section [Feedback]","How do the Frontal Close and Frontal Loose mic placement differ?","How do the Frontal Close and Frontal Loose mic placement differ? [Score]","How do the Frontal Close and Frontal Loose mic placement differ? [Feedback]","Which of these does a pop filter not fix?","Which of these does a pop filter not fix? [Score]","Which of these does a pop filter not fix? [Feedback]","What is a single point reflection in regards to vocal mic technique?","What is a single point reflection in regards to vocal mic technique? [Score]","What is a single point reflection in regards to vocal mic technique? [Feedback]","Which of these is not a valid way to augment a room to seem smaller, dryer, in a vocal recording?","Which of these is not a valid way to augment a room to seem smaller, dryer, in a vocal recording? [Score]","Which of these is not a valid way to augment a room to seem smaller, dryer, in a vocal recording? [Feedback]","Which of these is a reason to worry about vocal fatigue?","Which of these is a reason to worry about vocal fatigue? [Score]","Which of these is a reason to worry about vocal fatigue? [Feedback]"
"2019/01/26 7:12:53 PM GMT","heidi.worley@pcc.edu","4.00 / 5","","","","One is farther away than the other from the source","1.00 / 1","","Sibilance","0.00 / 1","","When the singer stands too close to a wall, causing interference","1.00 / 1","","Place a music stand behind the microphone","1.00 / 1","","All of the above","1.00 / 1",""
"2019/01/27 2:25:17 AM GMT","lexie.garcia@pcc.edu","5.00 / 5","","","","One is farther away than the other from the source","1.00 / 1","","Distortion","1.00 / 1","","When the singer stands too close to a wall, causing interference","1.00 / 1","","Place a music stand behind the microphone","1.00 / 1","","All of the above","1.00 / 1",""
"2019/01/27 9:56:58 PM GMT","kyle.rodgers1@pcc.edu","4.00 / 5","","","","Frontal loose requires a omnidirectional mic","0.00 / 1","","Distortion","1.00 / 1","","When the singer stands too close to a wall, causing interference","1.00 / 1","","Place a music stand behind the microphone","1.00 / 1","","All of the above","1.00 / 1",""
"2019/01/28 1:48:19 AM GMT","stephen.babcock@pcc.edu","3.00 / 5","","","","One is farther away than the other from the source","1.00 / 1","","Singer distance from mic","0.00 / 1","","When the singer stands too close to a wall, causing interference","1.00 / 1","","Use gobos or baffles","0.00 / 1","","All of the above","1.00 / 1",""
"2019/01/28 11:34:47 PM GMT","aaron.cold@pcc.edu","4.00 / 5","","","","One is farther away than the other from the source","1.00 / 1","","Sibilance","0.00 / 1","","When the singer stands too close to a wall, causing interference","1.00 / 1","","Place a music stand behind the microphone","1.00 / 1","","All of the above","1.00 / 1",""
"2019/01/29 3:23:04 AM GMT","noah.powell2@pcc.edu","1.00 / 5","","","","One is farther away than the other from the source","1.00 / 1","","Sibilance","0.00 / 1","","When the mic is placed facing towards a wall, away from the singer, to capture the singers reflection","0.00 / 1","","Place the mic closer to the vocalist","0.00 / 1","","A singers performance quality will decrease with time due to overuse","0.00 / 1",""
"2019/01/29 6:32:00 AM GMT","alex.miller1@pcc.edu","5.00 / 5","","","","One is farther away than the other from the source","1.00 / 1","","Distortion","1.00 / 1","","When the singer stands too close to a wall, causing interference","1.00 / 1","","Place a music stand behind the microphone","1.00 / 1","","All of the above","1.00 / 1",""
"2019/01/29 7:31:01 AM GMT","max.longshore@pcc.edu","4.00 / 5","","","","One is farther away than the other from the source","1.00 / 1","","Distortion","1.00 / 1","","When the mic is placed facing towards a wall, away from the singer, to capture the singers reflection","0.00 / 1","","Place a music stand behind the microphone","1.00 / 1","","All of the above","1.00 / 1",""
"2019/01/29 7:50:56 PM GMT","justin.chaconreyes@pcc.edu","2.00 / 5","","","","One is farther away than the other from the source","1.00 / 1","","Singer distance from mic","0.00 / 1","","When the mic is placed facing towards a wall, away from the singer, to capture the singers reflection","0.00 / 1","","Place a music stand behind the microphone","1.00 / 1","","A singers performance quality will decrease with time due to overuse","0.00 / 1",""
"2019/01/29 8:45:05 PM GMT","quinlan.taylor@pcc.edu","4.00 / 5","","","","One is farther away than the other from the source","1.00 / 1","","Distortion","1.00 / 1","","When the mic is placed facing towards a wall, away from the singer, to capture the singers reflection","0.00 / 1","","Place a music stand behind the microphone","1.00 / 1","","All of the above","1.00 / 1",""
"2019/01/29 8:48:37 PM GMT","daniel.minter@pcc.edu","5.00 / 5","","","","One is farther away than the other from the source","1.00 / 1","","Distortion","1.00 / 1","","When the singer stands too close to a wall, causing interference","1.00 / 1","","Place a music stand behind the microphone","1.00 / 1","","All of the above","1.00 / 1",""
"2019/01/29 8:59:02 PM GMT","brandon.thompson6@pcc.edu","3.00 / 5","","","","One is farther away than the other from the source","1.00 / 1","","Singer distance from mic","0.00 / 1","","When the mic is placed facing towards a wall, away from the singer, to capture the singers reflection","0.00 / 1","","Place a music stand behind the microphone","1.00 / 1","","All of the above","1.00 / 1",""
"2019/01/30 1:32:45 AM GMT","brendan.walker@pcc.edu","4.00 / 5","","","","One is farther away than the other from the source","1.00 / 1","","Distortion","1.00 / 1","","When the mic is placed facing towards a wall, away from the singer, to capture the singers reflection","0.00 / 1","","Place a music stand behind the microphone","1.00 / 1","","All of the above","1.00 / 1",""
"2019/01/30 7:59:00 AM GMT","colette.beard@pcc.edu","2.00 / 5","","","","Frontal loose requires a omnidirectional mic","0.00 / 1","","Distortion","1.00 / 1","","When the mic is placed facing towards a wall, away from the singer, to capture the singers reflection","0.00 / 1","","Move the vocalist in the room","0.00 / 1","","All of the above","1.00 / 1",""
"2019/02/06 9:18:49 PM GMT","calico.randall@pcc.edu","4.00 / 5","Tuesday 10 -12","-- / 0","","One is farther away than the other from the source","1.00 / 1","","Distortion","1.00 / 1","","When the singer stands too close to a wall, causing interference","1.00 / 1","","Move the vocalist in the room","0.00 / 1","","All of the above","1.00 / 1",""
"2019/02/06 11:15:21 PM GMT","grant.schillinger@pcc.edu","2.00 / 5","Tuesday 10 -12","-- / 0","","One is farther away than the other from the source","1.00 / 1","","Singer distance from mic","0.00 / 1","","When the mic is placed facing towards a wall, away from the singer, to capture the singers reflection","0.00 / 1","","Place the mic closer to the vocalist","0.00 / 1","","All of the above","1.00 / 1",""
"2019/02/07 3:48:31 AM GMT","stephanie.caronna@pcc.edu","4.00 / 5","Tuesday 10 -12","-- / 0","","One is farther away than the other from the source","1.00 / 1","","Distortion","1.00 / 1","","When the singer stands too close to a wall, causing interference","1.00 / 1","","Move the vocalist in the room","0.00 / 1","","All of the above","1.00 / 1",""
"2019/02/07 5:05:59 AM GMT","phoebe.brown@pcc.edu","5.00 / 5","Monday 1 - 3","-- / 0","","One is farther away than the other from the source","1.00 / 1","","Distortion","1.00 / 1","","When the singer stands too close to a wall, causing interference","1.00 / 1","","Place a music stand behind the microphone","1.00 / 1","","All of the above","1.00 / 1",""
"2019/02/09 9:06:48 PM GMT","gabe.defrank@pcc.edu","3.00 / 5","Monday 1 - 3","-- / 0","","One is farther away than the other from the source","1.00 / 1","","Distortion","1.00 / 1","","When the mic is placed facing towards a wall, away from the singer, to capture the singers reflection","0.00 / 1","","Use gobos or baffles","0.00 / 1","","All of the above","1.00 / 1",""
"2019/02/10 10:19:00 PM GMT","mike.gipson@pcc.edu","4.00 / 5","Tuesday 1 - 3","-- / 0","","One is farther away than the other from the source","1.00 / 1","","Distortion","1.00 / 1","","When the singer stands too close to a wall, causing interference","1.00 / 1","","Move the vocalist in the room","0.00 / 1","","All of the above","1.00 / 1",""
"2019/02/13 1:29:36 AM GMT","alexandra.stevenson@pcc.edu","3.00 / 5","Tuesday 10 -12","-- / 0","","One is farther away than the other from the source","1.00 / 1","","Singer distance from mic","0.00 / 1","","When the singer stands too close to a wall, causing interference","1.00 / 1","","Move the vocalist in the room","0.00 / 1","","All of the above","1.00 / 1",""
"2019/02/15 5:04:18 AM GMT","kelsey.arsvold@pcc.edu","5.00 / 5","Monday 1 - 3","-- / 0","","One is farther away than the other from the source","1.00 / 1","","Distortion","1.00 / 1","","When the singer stands too close to a wall, causing interference","1.00 / 1","","Place a music stand behind the microphone","1.00 / 1","","All of the above","1.00 / 1",""
"2019/02/15 5:54:07 AM GMT","grant.mansour@pcc.edu","4.00 / 5","Tuesday 1 - 3","-- / 0","","One is farther away than the other from the source","1.00 / 1","","Singer distance from mic","0.00 / 1","","When the singer stands too close to a wall, causing interference","1.00 / 1","","Place a music stand behind the microphone","1.00 / 1","","All of the above","1.00 / 1",""
"2019/02/16 8:02:58 AM GMT","iyowun.atiku@pcc.edu","2.00 / 5","Tuesday 10 -12","-- / 0","","Frontal close can only use dynamic mics","0.00 / 1","","Singer distance from mic","0.00 / 1","","When the singer stands too close to a wall, causing interference","1.00 / 1","","Place the mic closer to the vocalist","0.00 / 1","","All of the above","1.00 / 1",""
"2019/02/16 8:48:41 PM GMT","raul.cuetoosorio@pcc.edu","3.00 / 5","Tuesday 1 - 3","-- / 0","","One is farther away than the other from the source","1.00 / 1","","Distortion","1.00 / 1","","When the mic is placed facing towards a wall, away from the singer, to capture the singers reflection","0.00 / 1","","Move the vocalist in the room","0.00 / 1","","All of the above","1.00 / 1",""
"2019/02/18 4:42:10 AM GMT","evan.throckmorton@pcc.edu","4.00 / 5","Tuesday 10 -12","-- / 0","","One is farther away than the other from the source","1.00 / 1","","Sibilance","0.00 / 1","","When the singer stands too close to a wall, causing interference","1.00 / 1","","Place a music stand behind the microphone","1.00 / 1","","All of the above","1.00 / 1",""
"2019/02/21 1:26:02 AM GMT","nathan.mutchler@pcc.edu","4.00 / 5","Monday 1 - 3","-- / 0","","One is farther away than the other from the source","1.00 / 1","","Sibilance","0.00 / 1","","When the singer stands too close to a wall, causing interference","1.00 / 1","","Place a music stand behind the microphone","1.00 / 1","","All of the above","1.00 / 1",""
"2019/02/21 10:01:36 PM GMT","aoi.nakane@pcc.edu","4.00 / 5","Tuesday 1 - 3","-- / 0","","One is farther away than the other from the source","1.00 / 1","","Distortion","1.00 / 1","","When the mic is placed facing towards a wall, away from the singer, to capture the singers reflection","0.00 / 1","","Place a music stand behind the microphone","1.00 / 1","","All of the above","1.00 / 1",""
"2019/02/26 7:25:13 PM GMT","jonah.vermilya@pcc.edu","4.00 / 5","Monday 1 - 3","-- / 0","","One is farther away than the other from the source","1.00 / 1","","Singer distance from mic","0.00 / 1","","When the singer stands too close to a wall, causing interference","1.00 / 1","","Place a music stand behind the microphone","1.00 / 1","","All of the above","1.00 / 1",""
"2019/03/07 4:30:42 AM GMT","bryce.walters@pcc.edu","4.00 / 5","Tuesday 1 - 3","-- / 0","","One is farther away than the other from the source","1.00 / 1","","Distortion","1.00 / 1","","When the mic is placed facing towards a wall, away from the singer, to capture the singers reflection","0.00 / 1","","Place a music stand behind the microphone","1.00 / 1","","All of the above","1.00 / 1",""
"2019/03/07 11:48:24 PM GMT","kristian.mogster@pcc.edu","2.00 / 5","Tuesday 10 -12","-- / 0","","One is farther away than the other from the source","1.00 / 1","","Singer distance from mic","0.00 / 1","","When the singer sings into only one mic","0.00 / 1","","Move the vocalist in the room","0.00 / 1","","All of the above","1.00 / 1",""
"2019/03/10 7:09:51 PM GMT","dustin.greedy@pcc.edu","4.00 / 5","Tuesday 10 -12","-- / 0","","One is farther away than the other from the source","1.00 / 1","","Singer distance from mic","0.00 / 1","","When the singer stands too close to a wall, causing interference","1.00 / 1","","Place a music stand behind the microphone","1.00 / 1","","All of the above","1.00 / 1",""
"2019/03/13 12:22:58 AM GMT","harrison.smith2@pcc.edu","3.00 / 5","Tuesday 1 - 3","-- / 0","","Frontal loose requires a omnidirectional mic","0.00 / 1","","Sibilance","0.00 / 1","","When the singer stands too close to a wall, causing interference","1.00 / 1","","Place a music stand behind the microphone","1.00 / 1","","All of the above","1.00 / 1",""
"2019/03/14 12:23:47 AM GMT","brian.sanderlin@pcc.edu","5.00 / 5","Tuesday 1 - 3","-- / 0","","One is farther away than the other from the source","1.00 / 1","","Distortion","1.00 / 1","","When the singer stands too close to a wall, causing interference","1.00 / 1","","Place a music stand behind the microphone","1.00 / 1","","All of the above","1.00 / 1",""
"2019/03/19 4:10:34 AM GMT","tanner.alcornmandella@pcc.edu","5.00 / 5","Tuesday 1 - 3","-- / 0","","One is farther away than the other from the source","1.00 / 1","","Distortion","1.00 / 1","","When the singer stands too close to a wall, causing interference","1.00 / 1","","Place a music stand behind the microphone","1.00 / 1","","All of the above","1.00 / 1",""
"2019/03/19 6:43:54 PM GMT","zach.laurence@pcc.edu","3.00 / 5","Tuesday 1 - 3","-- / 0","","One is farther away than the other from the source","1.00 / 1","","Singer distance from mic","0.00 / 1","","When the mic is placed facing towards a wall, away from the singer, to capture the singers reflection","0.00 / 1","","Place a music stand behind the microphone","1.00 / 1","","All of the above","1.00 / 1",""
"2019/03/21 3:22:50 AM GMT","britton.dudley@pcc.edu","3.00 / 5","Monday 1 - 3","-- / 0","","One is farther away than the other from the source","1.00 / 1","","Singer distance from mic","0.00 / 1","","When the singer stands too close to a wall, causing interference","1.00 / 1","","Move the vocalist in the room","0.00 / 1","","All of the above","1.00 / 1",""
"2019/03/21 5:37:29 PM GMT","chris.taylor9@pcc.edu","3.00 / 5","Tuesday 10 -12","-- / 0","","One is farther away than the other from the source","1.00 / 1","","Singer distance from mic","0.00 / 1","","When the mic is placed facing towards a wall, away from the singer, to capture the singers reflection","0.00 / 1","","Place a music stand behind the microphone","1.00 / 1","","All of the above","1.00 / 1",""
"2019/03/21 11:17:35 PM GMT","harvey.buckner@pcc.edu","5.00 / 5","Tuesday 1 - 3","-- / 0","","One is farther away than the other from the source","1.00 / 1","","Distortion","1.00 / 1","","When the singer stands too close to a wall, causing interference","1.00 / 1","","Place a music stand behind the microphone","1.00 / 1","","All of the above","1.00 / 1",""
"2019/03/21 11:47:48 PM GMT","marc.jablecki@pcc.edu","4.00 / 5","Tuesday 10 -12","-- / 0","","One is farther away than the other from the source","1.00 / 1","","Distortion","1.00 / 1","","When the singer stands too close to a wall, causing interference","1.00 / 1","","Move the vocalist in the room","0.00 / 1","","All of the above","1.00 / 1",""
"2019/03/22 8:12:49 PM GMT","addison.lane@pcc.edu","5.00 / 5","Monday 1 - 3","-- / 0","","One is farther away than the other from the source","1.00 / 1","","Distortion","1.00 / 1","","When the singer stands too close to a wall, causing interference","1.00 / 1","","Place a music stand behind the microphone","1.00 / 1","","All of the above","1.00 / 1",""