"Timestamp","Username","Total score","Please select your class section","Please select your class section [Score]","Please select your class section [Feedback]","What device is used to split signal into multiple frequency bands in an Equalizer?","What device is used to split signal into multiple frequency bands in an Equalizer? [Score]","What device is used to split signal into multiple frequency bands in an Equalizer? [Feedback]","What is complimentary EQ?","What is complimentary EQ? [Score]","What is complimentary EQ? [Feedback]","Which of these is not a type of filter found in EQ's?","Which of these is not a type of filter found in EQ's? [Score]","Which of these is not a type of filter found in EQ's? [Feedback]","What does Q affect in an Equalizer?","What does Q affect in an Equalizer? [Score]","What does Q affect in an Equalizer? [Feedback]","What does Slope affect in an Equalizer?","What does Slope affect in an Equalizer? [Score]","What does Slope affect in an Equalizer? [Feedback]"
"2019/02/27 2:06:00 AM GMT","gabe.defrank@pcc.edu","4.00 / 5","Monday 1 - 3","0.00 / 0","","Band Splitter","0.00 / 1","","Boosting one frequency in one instrument and reducing it in another","1.00 / 1","","Slice","1.00 / 1","","The width of the affected frequency band","1.00 / 1","","The rate at which frequencies change amplitude on a per octave basis","1.00 / 1",""
"2019/02/28 4:09:43 AM GMT","alexandra.stevenson@pcc.edu","5.00 / 5","Tuesday 10 -12","0.00 / 0","","Crossover","1.00 / 1","","Boosting one frequency in one instrument and reducing it in another","1.00 / 1","","Slice","1.00 / 1","","The width of the affected frequency band","1.00 / 1","","The rate at which frequencies change amplitude on a per octave basis","1.00 / 1",""
"2019/03/03 9:27:59 PM GMT","heidi.worley@pcc.edu","5.00 / 5","Monday 1 - 3","0.00 / 0","","Crossover","1.00 / 1","","Boosting one frequency in one instrument and reducing it in another","1.00 / 1","","Slice","1.00 / 1","","The width of the affected frequency band","1.00 / 1","","The rate at which frequencies change amplitude on a per octave basis","1.00 / 1",""
"2019/03/04 5:18:51 PM GMT","stephen.babcock@pcc.edu","5.00 / 5","Monday 1 - 3","0.00 / 0","","Crossover","1.00 / 1","","Boosting one frequency in one instrument and reducing it in another","1.00 / 1","","Slice","1.00 / 1","","The width of the affected frequency band","1.00 / 1","","The rate at which frequencies change amplitude on a per octave basis","1.00 / 1",""
"2019/03/05 12:59:17 AM GMT","kyle.rodgers1@pcc.edu","3.00 / 5","Monday 1 - 3","0.00 / 0","","Band Splitter","0.00 / 1","","Boosting one frequency in one instrument and reducing it in another","1.00 / 1","","Slice","1.00 / 1","","The width of the affected frequency band","1.00 / 1","","Total amount of Equalization","0.00 / 1",""
"2019/03/06 1:33:00 AM GMT","stephanie.caronna@pcc.edu","4.00 / 5","Tuesday 10 -12","0.00 / 0","","Crossover","1.00 / 1","","Boosting one frequency in one instrument and reducing it in another","1.00 / 1","","Slice","1.00 / 1","","The width of the affected frequency band","1.00 / 1","","Width of the affected frequency band","0.00 / 1",""
"2019/03/07 7:03:30 AM GMT","mike.gipson@pcc.edu","4.00 / 5","Tuesday 1 - 3","0.00 / 0","","Band Splitter","0.00 / 1","","Boosting one frequency in one instrument and reducing it in another","1.00 / 1","","Slice","1.00 / 1","","The width of the affected frequency band","1.00 / 1","","The rate at which frequencies change amplitude on a per octave basis","1.00 / 1",""
"2019/03/07 11:35:32 PM GMT","kristian.mogster@pcc.edu","3.00 / 5","Tuesday 10 -12","0.00 / 0","","Band Splitter","0.00 / 1","","Boosting one frequency in one instrument and reducing it in another","1.00 / 1","","Bell","0.00 / 1","","The width of the affected frequency band","1.00 / 1","","The rate at which frequencies change amplitude on a per octave basis","1.00 / 1",""
"2019/03/10 12:40:18 AM GMT","justin.chaconreyes@pcc.edu","3.00 / 5","Tuesday 10 -12","0.00 / 0","","Crossover","1.00 / 1","","Boosting one frequency in one instrument and reducing it in another","1.00 / 1","","Slice","1.00 / 1","","The amount of Equalization","0.00 / 1","","Width of the affected frequency band","0.00 / 1",""
"2019/03/10 6:24:41 AM GMT","bryce.walters@pcc.edu","3.00 / 5","Tuesday 1 - 3","0.00 / 0","","Band Splitter","0.00 / 1","","Boosting frequencies that sound the best","0.00 / 1","","Slice","1.00 / 1","","The width of the affected frequency band","1.00 / 1","","The rate at which frequencies change amplitude on a per octave basis","1.00 / 1",""
"2019/03/11 8:46:42 AM GMT","iyowun.atiku@pcc.edu","1.00 / 5","Tuesday 10 -12","0.00 / 0","","Frequency Analyzer","0.00 / 1","","Cutting everything but vocals","0.00 / 1","","Notch","0.00 / 1","","The amount of Equalization","0.00 / 1","","The rate at which frequencies change amplitude on a per octave basis","1.00 / 1",""
"2019/03/12 8:43:20 PM GMT","brandon.thompson6@pcc.edu","3.00 / 5","Tuesday 1 - 3","0.00 / 0","","Band Splitter","0.00 / 1","","Boosting frequencies that sound the best","0.00 / 1","","Slice","1.00 / 1","","The width of the affected frequency band","1.00 / 1","","The rate at which frequencies change amplitude on a per octave basis","1.00 / 1",""
"2019/03/13 12:29:30 AM GMT","harrison.smith2@pcc.edu","2.00 / 5","Tuesday 1 - 3","0.00 / 0","","Band Splitter","0.00 / 1","","Boosting frequencies that sound the best","0.00 / 1","","Slice","1.00 / 1","","The width of the affected frequency band","1.00 / 1","","Width of the affected frequency band","0.00 / 1",""
"2019/03/13 1:25:23 AM GMT","lexie.garcia@pcc.edu","5.00 / 5","Monday 1 - 3","0.00 / 0","","Crossover","1.00 / 1","","Boosting one frequency in one instrument and reducing it in another","1.00 / 1","","Slice","1.00 / 1","","The width of the affected frequency band","1.00 / 1","","The rate at which frequencies change amplitude on a per octave basis","1.00 / 1",""
"2019/03/14 12:19:41 AM GMT","brian.sanderlin@pcc.edu","2.00 / 5","Tuesday 1 - 3","0.00 / 0","","Band Splitter","0.00 / 1","","Boosting one frequency in one instrument and reducing it in another","1.00 / 1","","Slice","1.00 / 1","","The amount of Equalization","0.00 / 1","","Width of the affected frequency band","0.00 / 1",""
"2019/03/14 8:13:35 PM GMT","dustin.greedy@pcc.edu","4.00 / 5","Tuesday 10 -12","0.00 / 0","","Crossover","1.00 / 1","","Boosting one frequency in one instrument and reducing it in another","1.00 / 1","","Slice","1.00 / 1","","The width of the affected frequency band","1.00 / 1","","Total amount of Equalization","0.00 / 1",""
"2019/03/17 11:24:04 PM GMT","raul.cuetoosorio@pcc.edu","5.00 / 5","Tuesday 1 - 3","0.00 / 0","","Crossover","1.00 / 1","","Boosting one frequency in one instrument and reducing it in another","1.00 / 1","","Slice","1.00 / 1","","The width of the affected frequency band","1.00 / 1","","The rate at which frequencies change amplitude on a per octave basis","1.00 / 1",""
"2019/03/18 3:12:41 PM GMT","garrett.smith5@pcc.edu","5.00 / 5","Tuesday 1 - 3","0.00 / 0","","Crossover","1.00 / 1","","Boosting one frequency in one instrument and reducing it in another","1.00 / 1","","Slice","1.00 / 1","","The width of the affected frequency band","1.00 / 1","","The rate at which frequencies change amplitude on a per octave basis","1.00 / 1",""
"2019/03/18 10:20:26 PM GMT","max.longshore@pcc.edu","2.00 / 5","Monday 1 - 3","0.00 / 0","","Band Splitter","0.00 / 1","","Boosting one frequency in one instrument and reducing it in another","1.00 / 1","","Bell","0.00 / 1","","The width of the affected frequency band","1.00 / 1","","Width of the affected frequency band","0.00 / 1",""
"2019/03/18 10:58:10 PM GMT","grant.mansour@pcc.edu","3.00 / 5","Tuesday 1 - 3","0.00 / 0","","Band Splitter","0.00 / 1","","Boosting frequencies that sound the best","0.00 / 1","","Slice","1.00 / 1","","The width of the affected frequency band","1.00 / 1","","The rate at which frequencies change amplitude on a per octave basis","1.00 / 1",""
"2019/03/19 12:18:47 AM GMT","jonah.vermilya@pcc.edu","4.00 / 5","Monday 1 - 3","0.00 / 0","","Band Splitter","0.00 / 1","","Boosting one frequency in one instrument and reducing it in another","1.00 / 1","","Slice","1.00 / 1","","The width of the affected frequency band","1.00 / 1","","The rate at which frequencies change amplitude on a per octave basis","1.00 / 1",""
"2019/03/19 4:22:40 AM GMT","tanner.alcornmandella@pcc.edu","5.00 / 5","Tuesday 1 - 3","0.00 / 0","","Crossover","1.00 / 1","","Boosting one frequency in one instrument and reducing it in another","1.00 / 1","","Slice","1.00 / 1","","The width of the affected frequency band","1.00 / 1","","The rate at which frequencies change amplitude on a per octave basis","1.00 / 1",""
"2019/03/19 4:34:43 PM GMT","grant.schillinger@pcc.edu","5.00 / 5","Tuesday 10 -12","0.00 / 0","","Crossover","1.00 / 1","","Boosting one frequency in one instrument and reducing it in another","1.00 / 1","","Slice","1.00 / 1","","The width of the affected frequency band","1.00 / 1","","The rate at which frequencies change amplitude on a per octave basis","1.00 / 1",""
"2019/03/19 6:24:18 PM GMT","zach.laurence@pcc.edu","4.00 / 5","Tuesday 1 - 3","0.00 / 0","","Band Splitter","0.00 / 1","","Boosting one frequency in one instrument and reducing it in another","1.00 / 1","","Slice","1.00 / 1","","The width of the affected frequency band","1.00 / 1","","The rate at which frequencies change amplitude on a per octave basis","1.00 / 1",""
"2019/03/19 7:34:26 PM GMT","noah.powell2@pcc.edu","4.00 / 5","Tuesday 1 - 3","0.00 / 0","","Crossover","1.00 / 1","","Boosting one frequency in one instrument and reducing it in another","1.00 / 1","","Slice","1.00 / 1","","The width of the affected frequency band","1.00 / 1","","Width of the affected frequency band","0.00 / 1",""
"2019/03/19 10:58:22 PM GMT","evan.throckmorton@pcc.edu","5.00 / 5","Tuesday 10 -12","0.00 / 0","","Crossover","1.00 / 1","","Boosting one frequency in one instrument and reducing it in another","1.00 / 1","","Slice","1.00 / 1","","The width of the affected frequency band","1.00 / 1","","The rate at which frequencies change amplitude on a per octave basis","1.00 / 1",""
"2019/03/21 2:30:49 AM GMT","britton.dudley@pcc.edu","3.00 / 5","Monday 1 - 3","0.00 / 0","","Band Splitter","0.00 / 1","","Boosting one frequency in one instrument and reducing it in another","1.00 / 1","","Slice","1.00 / 1","","The width of the affected frequency band","1.00 / 1","","Total amount of Equalization","0.00 / 1",""
"2019/03/21 8:17:58 PM GMT","fernando.blanding@pcc.edu","3.00 / 5","Tuesday 1 - 3","0.00 / 0","","Band Splitter","0.00 / 1","","Boosting frequencies that sound the best","0.00 / 1","","Slice","1.00 / 1","","The width of the affected frequency band","1.00 / 1","","The rate at which frequencies change amplitude on a per octave basis","1.00 / 1",""
"2019/03/21 10:54:23 PM GMT","aoi.nakane@pcc.edu","3.00 / 5","Tuesday 1 - 3","0.00 / 0","","Crossover","1.00 / 1","","Boosting one frequency in one instrument and reducing it in another","1.00 / 1","","Hi Pass","0.00 / 1","","The width of the affected frequency band","1.00 / 1","","Width of the affected frequency band","0.00 / 1",""
"2019/03/21 11:11:39 PM GMT","harvey.buckner@pcc.edu","4.00 / 5","Tuesday 1 - 3","0.00 / 0","","Band Splitter","0.00 / 1","","Boosting one frequency in one instrument and reducing it in another","1.00 / 1","","Slice","1.00 / 1","","The width of the affected frequency band","1.00 / 1","","The rate at which frequencies change amplitude on a per octave basis","1.00 / 1",""
"2019/03/22 12:03:32 AM GMT","marc.jablecki@pcc.edu","3.00 / 5","Tuesday 10 -12","0.00 / 0","","Crossover","1.00 / 1","","Boosting one frequency in one instrument and reducing it in another","1.00 / 1","","Slice","1.00 / 1","","Which type of filter is being used","0.00 / 1","","Width of the affected frequency band","0.00 / 1",""
"2019/03/22 8:02:10 PM GMT","addison.lane@pcc.edu","4.00 / 5","Monday 1 - 3","0.00 / 0","","Crossover","1.00 / 1","","Boosting one frequency in one instrument and reducing it in another","1.00 / 1","","Peak","0.00 / 1","","The width of the affected frequency band","1.00 / 1","","The rate at which frequencies change amplitude on a per octave basis","1.00 / 1",""
"2019/03/23 1:10:58 AM GMT","chris.taylor9@pcc.edu","3.00 / 5","Tuesday 10 -12","0.00 / 0","","Band Splitter","0.00 / 1","","Boosting one frequency in one instrument and reducing it in another","1.00 / 1","","Slice","1.00 / 1","","The width of the affected frequency band","1.00 / 1","","Width of the affected frequency band","0.00 / 1",""
"2019/03/24 7:20:43 PM GMT","colette.beard@pcc.edu","3.00 / 5","Monday 1 - 3","0.00 / 0","","Band Splitter","0.00 / 1","","Boosting one frequency in one instrument and reducing it in another","1.00 / 1","","Slice","1.00 / 1","","The width of the affected frequency band","1.00 / 1","","Total amount of Equalization","0.00 / 1",""